recommendationid,appid,name,axis,n_labels,bugs_crashes,developer_conduct,difficulty_punishing,monetization_dlc,npc_ai_pathing,opacity_teaching,performance,procgen_hollow,rng_unfair,shallow_repetitive,taste_mismatch,tedium_grind,ui_controls,unfinished_abandoned,update_regression,non_substantive,uncoded
231876669,294100,RimWorld,colony,1,0,0,0,0,0,0,0,0,1,0,0,0,0,0,0,0,0
231854795,294100,RimWorld,colony,1,0,0,0,0,0,0,0,0,0,0,0,0,0,0,0,0,1
231780698,294100,RimWorld,colony,1,0,0,0,0,0,0,0,0,0,0,0,0,0,0,0,0,1
231524714,294100,RimWorld,colony,1,0,0,0,0,0,0,0,0,0,0,0,0,0,0,0,0,1
231488274,294100,RimWorld,colony,1,0,0,0,0,0,0,0,0,0,0,0,0,0,0,0,0,1
231487863,294100,RimWorld,colony,1,0,0,0,0,1,0,0,0,0,0,0,0,0,0,0,0,0
231412545,294100,RimWorld,colony,1,0,0,0,0,0,0,0,0,0,0,0,0,0,0,0,1,0
231399370,294100,RimWorld,colony,10,1,0,1,1,1,0,1,1,1,0,0,1,0,1,1,0,0
231383161,294100,RimWorld,colony,2,0,0,0,0,0,0,0,0,0,1,0,1,0,0,0,0,0
231322020,294100,RimWorld,colony,3,1,0,0,1,0,0,0,0,1,0,0,0,0,0,0,0,0
231213580,294100,RimWorld,colony,1,0,0,0,0,0,0,0,0,0,0,0,0,0,0,0,0,1
231207697,294100,RimWorld,colony,1,0,0,0,0,0,0,0,0,0,0,0,0,0,0,0,1,0
231072641,294100,RimWorld,colony,1,0,0,0,0,0,0,0,0,0,0,0,0,0,0,0,1,0
231048833,294100,RimWorld,colony,2,0,0,0,0,0,0,0,0,0,0,0,0,1,0,1,0,0
231004509,294100,RimWorld,colony,1,0,0,0,0,0,0,0,0,0,1,0,0,0,0,0,0,0
230999187,294100,RimWorld,colony,1,0,0,0,0,0,0,0,0,0,0,0,0,0,0,0,0,1
230919187,294100,RimWorld,colony,1,0,0,0,0,0,0,0,0,0,0,0,0,0,1,0,0,0
230880647,294100,RimWorld,colony,1,0,0,0,0,0,0,0,0,0,0,0,0,0,0,0,1,0
230796716,294100,RimWorld,colony,1,0,0,0,0,0,0,1,0,0,0,0,0,0,0,0,0,0
230702266,294100,RimWorld,colony,3,0,1,0,1,0,0,0,0,0,0,0,1,0,0,0,0,0
230648479,294100,RimWorld,colony,1,0,0,0,0,0,0,0,0,0,0,0,0,1,0,0,0,0
230647065,294100,RimWorld,colony,1,0,0,0,0,0,0,0,0,0,0,0,0,0,0,0,0,1
230499368,294100,RimWorld,colony,1,0,0,0,0,0,0,0,0,0,0,0,0,0,0,0,1,0
230499119,294100,RimWorld,colony,1,0,0,0,0,0,0,0,0,0,0,0,0,0,0,0,0,1
230497145,294100,RimWorld,colony,1,0,0,0,0,0,0,0,0,0,0,0,0,0,0,0,0,1
230182192,294100,RimWorld,colony,2,1,0,0,0,0,0,1,0,0,0,0,0,0,0,0,0,0
230176107,294100,RimWorld,colony,1,0,0,0,0,0,0,0,0,0,0,1,0,0,0,0,0,0
230125021,294100,RimWorld,colony,1,0,0,0,0,0,0,0,0,0,0,0,0,0,0,0,1,0
230118813,294100,RimWorld,colony,1,0,0,0,0,0,0,0,0,0,0,0,0,0,0,0,1,0
230061301,294100,RimWorld,colony,1,0,0,0,0,0,0,0,0,0,1,0,0,0,0,0,0,0
229998633,294100,RimWorld,colony,2,0,1,0,1,0,0,0,0,0,0,0,0,0,0,0,0,0
229940211,294100,RimWorld,colony,2,0,0,0,0,0,0,0,0,0,0,1,1,0,0,0,0,0
229898021,294100,RimWorld,colony,1,1,0,0,0,0,0,0,0,0,0,0,0,0,0,0,0,0
229838312,294100,RimWorld,colony,1,0,0,0,1,0,0,0,0,0,0,0,0,0,0,0,0,0
229790981,294100,RimWorld,colony,1,0,0,0,1,0,0,0,0,0,0,0,0,0,0,0,0,0
229786449,294100,RimWorld,colony,5,1,0,0,0,1,1,0,0,0,1,0,0,1,0,0,0,0
229750880,294100,RimWorld,colony,1,0,0,0,0,0,0,0,0,0,0,0,0,0,0,0,1,0
229737724,294100,RimWorld,colony,1,0,0,0,1,0,0,0,0,0,0,0,0,0,0,0,0,0
229729082,294100,RimWorld,colony,3,0,1,0,1,0,0,0,0,0,0,0,0,0,0,1,0,0
229717913,294100,RimWorld,colony,1,0,0,0,0,0,0,0,0,0,0,0,0,0,0,0,0,1
229711910,294100,RimWorld,colony,1,0,0,0,0,0,0,0,0,0,0,0,0,0,0,0,0,1
229693487,294100,RimWorld,colony,7,1,1,0,1,1,0,0,0,1,0,0,1,1,0,0,0,0
229660828,294100,RimWorld,colony,1,0,0,0,1,0,0,0,0,0,0,0,0,0,0,0,0,0
229632234,294100,RimWorld,colony,1,0,0,0,0,0,0,0,0,0,0,0,0,0,0,0,1,0
229540572,294100,RimWorld,colony,1,0,0,0,0,0,0,0,0,0,0,0,0,0,0,0,0,1
229524949,294100,RimWorld,colony,1,0,0,0,1,0,0,0,0,0,0,0,0,0,0,0,0,0
229500498,294100,RimWorld,colony,1,0,0,0,1,0,0,0,0,0,0,0,0,0,0,0,0,0
229479805,294100,RimWorld,colony,1,0,0,0,1,0,0,0,0,0,0,0,0,0,0,0,0,0
229451755,294100,RimWorld,colony,1,0,0,0,1,0,0,0,0,0,0,0,0,0,0,0,0,0
229398974,294100,RimWorld,colony,1,0,0,0,0,0,0,0,0,0,1,0,0,0,0,0,0,0
229202213,294100,RimWorld,colony,3,0,0,0,1,0,0,0,0,0,0,0,1,1,0,0,0,0
229086740,294100,RimWorld,colony,3,1,0,0,1,0,0,1,0,0,0,0,0,0,0,0,0,0
231832164,975370,Dwarf Fortress,colony,1,0,0,0,0,0,0,0,0,0,0,0,0,0,0,0,0,1
231737347,975370,Dwarf Fortress,colony,1,0,1,0,0,0,0,0,0,0,0,0,0,0,0,0,0,0
231292613,975370,Dwarf Fortress,colony,1,0,0,0,0,1,0,0,0,0,0,0,0,0,0,0,0,0
231157165,975370,Dwarf Fortress,colony,2,1,0,0,0,1,0,0,0,0,0,0,0,0,0,0,0,0
231078591,975370,Dwarf Fortress,colony,2,0,0,0,0,0,0,0,0,0,0,0,0,1,0,1,0,0
230406938,975370,Dwarf Fortress,colony,1,0,0,0,0,0,0,0,0,0,0,0,0,0,0,0,0,1
230363584,975370,Dwarf Fortress,colony,1,0,0,0,0,0,0,1,0,0,0,0,0,0,0,0,0,0
230168098,975370,Dwarf Fortress,colony,1,0,0,0,0,0,0,0,0,0,0,0,1,0,0,0,0,0
230160814,975370,Dwarf Fortress,colony,1,0,0,0,0,1,0,0,0,0,0,0,0,0,0,0,0,0
230034796,975370,Dwarf Fortress,colony,3,0,1,0,0,0,0,0,0,1,0,0,0,1,0,0,0,0
229704149,975370,Dwarf Fortress,colony,1,0,0,0,0,0,0,0,0,0,0,0,0,0,0,0,0,1
229615799,975370,Dwarf Fortress,colony,3,1,0,0,0,0,1,1,0,0,0,0,0,0,0,0,0,0
229110336,975370,Dwarf Fortress,colony,4,0,1,0,0,1,1,0,0,0,0,0,0,1,0,0,0,0
228647953,975370,Dwarf Fortress,colony,1,0,0,1,0,0,0,0,0,0,0,0,0,0,0,0,0,0
228368907,975370,Dwarf Fortress,colony,2,0,0,0,0,0,0,0,0,0,0,0,1,1,0,0,0,0
228207043,975370,Dwarf Fortress,colony,2,1,0,0,0,0,0,0,0,0,0,0,1,0,0,0,0,0
228194961,975370,Dwarf Fortress,colony,3,1,0,0,0,0,0,0,0,0,0,0,0,1,0,1,0,0
228096334,975370,Dwarf Fortress,colony,1,0,0,0,0,1,0,0,0,0,0,0,0,0,0,0,0,0
227971131,975370,Dwarf Fortress,colony,2,0,0,0,0,0,1,0,0,0,0,0,0,1,0,0,0,0
227919736,975370,Dwarf Fortress,colony,1,1,0,0,0,0,0,0,0,0,0,0,0,0,0,0,0,0
227914271,975370,Dwarf Fortress,colony,2,1,1,0,0,0,0,0,0,0,0,0,0,0,0,0,0,0
227891914,975370,Dwarf Fortress,colony,2,0,1,0,0,0,0,0,0,0,0,0,0,1,0,0,0,0
227824406,975370,Dwarf Fortress,colony,1,0,0,0,0,0,0,0,0,0,0,0,0,0,0,0,1,0
227815692,975370,Dwarf Fortress,colony,4,1,0,0,0,0,0,0,0,0,0,0,1,1,0,1,0,0
227651678,975370,Dwarf Fortress,colony,1,0,0,0,0,0,0,0,0,0,0,0,0,1,0,0,0,0
227476996,975370,Dwarf Fortress,colony,3,0,0,0,0,0,1,0,0,1,0,0,0,1,0,0,0,0
227231227,975370,Dwarf Fortress,colony,1,0,0,0,0,0,0,0,0,0,0,1,0,0,0,0,0,0
227096019,975370,Dwarf Fortress,colony,1,0,0,0,0,0,0,0,0,0,0,0,0,0,0,0,0,1
227053926,975370,Dwarf Fortress,colony,1,0,0,0,0,0,0,0,0,0,0,0,0,0,0,0,0,1
226715903,975370,Dwarf Fortress,colony,1,0,0,0,0,0,0,0,0,0,0,0,1,0,0,0,0,0
226215570,975370,Dwarf Fortress,colony,3,1,0,0,0,0,1,0,0,0,0,0,0,1,0,0,0,0
226020403,975370,Dwarf Fortress,colony,1,0,0,0,0,0,0,0,0,0,0,0,0,0,0,0,0,1
225891658,975370,Dwarf Fortress,colony,1,0,0,0,0,0,0,0,0,0,0,0,0,0,0,0,1,0
225444485,975370,Dwarf Fortress,colony,4,0,0,0,1,0,0,0,0,1,0,0,0,1,0,1,0,0
225151625,975370,Dwarf Fortress,colony,3,0,0,0,0,1,1,0,0,0,0,0,0,1,0,0,0,0
224806905,975370,Dwarf Fortress,colony,1,0,0,0,0,0,0,0,0,0,0,0,0,0,0,0,0,1
224775699,975370,Dwarf Fortress,colony,1,0,0,0,0,0,0,0,0,0,0,0,0,1,0,0,0,0
224268838,975370,Dwarf Fortress,colony,1,0,0,0,0,0,0,0,0,0,0,0,0,0,0,0,0,1
224023783,975370,Dwarf Fortress,colony,1,0,0,0,0,1,0,0,0,0,0,0,0,0,0,0,0,0
223593120,975370,Dwarf Fortress,colony,1,0,0,1,0,0,0,0,0,0,0,0,0,0,0,0,0,0
223475535,975370,Dwarf Fortress,colony,4,1,1,0,0,1,0,0,0,0,0,0,0,0,0,1,0,0
223150764,975370,Dwarf Fortress,colony,1,0,1,0,0,0,0,0,0,0,0,0,0,0,0,0,0,0
222922297,975370,Dwarf Fortress,colony,3,1,0,0,0,1,1,0,0,0,0,0,0,0,0,0,0,0
222746437,975370,Dwarf Fortress,colony,4,0,1,0,1,1,0,0,0,0,0,0,0,1,0,0,0,0
222655938,975370,Dwarf Fortress,colony,3,0,0,0,0,0,1,0,0,1,0,0,0,1,0,0,0,0
221942215,975370,Dwarf Fortress,colony,3,1,0,0,0,0,1,0,0,1,0,0,0,0,0,0,0,0
221272625,975370,Dwarf Fortress,colony,2,0,0,0,0,0,0,0,0,1,0,0,0,0,0,1,0,0
221027623,975370,Dwarf Fortress,colony,2,1,0,0,0,0,0,1,0,0,0,0,0,0,0,0,0,0
221003962,975370,Dwarf Fortress,colony,3,1,0,0,0,0,0,0,0,0,0,0,1,1,0,0,0,0
220924988,975370,Dwarf Fortress,colony,5,0,0,0,0,1,1,1,0,0,0,0,0,1,0,1,0,0
220815390,975370,Dwarf Fortress,colony,1,0,0,0,0,0,0,0,0,0,0,0,0,0,0,0,1,0
220469532,975370,Dwarf Fortress,colony,1,0,0,0,0,0,0,0,0,0,0,0,0,1,0,0,0,0
220303082,975370,Dwarf Fortress,colony,1,0,0,0,0,0,0,0,0,0,1,0,0,0,0,0,0,0
220237468,975370,Dwarf Fortress,colony,2,0,1,0,0,0,0,0,0,0,0,0,0,1,0,0,0,0
220033448,975370,Dwarf Fortress,colony,1,0,0,0,0,1,0,0,0,0,0,0,0,0,0,0,0,0
219919884,975370,Dwarf Fortress,colony,1,0,0,0,0,1,0,0,0,0,0,0,0,0,0,0,0,0
219831734,975370,Dwarf Fortress,colony,1,0,0,0,0,0,0,0,0,0,0,0,0,1,0,0,0,0
219289202,975370,Dwarf Fortress,colony,2,1,0,0,0,0,0,0,0,0,0,0,0,0,1,0,0,0
219141906,975370,Dwarf Fortress,colony,6,0,1,0,0,1,0,1,0,0,1,0,0,1,1,0,0,0
219099878,975370,Dwarf Fortress,colony,6,1,0,0,0,0,0,0,1,1,1,0,0,0,1,1,0,0
218943367,975370,Dwarf Fortress,colony,1,0,0,0,0,0,0,0,0,0,0,0,0,0,0,0,1,0
218914117,975370,Dwarf Fortress,colony,1,0,0,0,0,0,0,0,0,0,0,0,0,0,0,0,0,1
218892609,975370,Dwarf Fortress,colony,1,0,0,0,0,0,0,0,0,0,0,0,0,0,0,0,0,1
218871931,975370,Dwarf Fortress,colony,3,1,1,0,0,0,0,0,0,0,0,0,0,0,1,0,0,0
218808819,975370,Dwarf Fortress,colony,1,0,0,0,0,0,0,0,0,0,0,0,0,0,0,0,1,0
218795660,975370,Dwarf Fortress,colony,1,0,0,0,0,0,0,0,0,0,0,0,0,0,0,0,1,0
218783729,975370,Dwarf Fortress,colony,4,0,1,0,1,0,0,0,0,0,0,0,1,0,0,1,0,0
218776948,975370,Dwarf Fortress,colony,2,1,0,0,1,0,0,0,0,0,0,0,0,0,0,0,0,0
218767634,975370,Dwarf Fortress,colony,2,0,0,0,0,0,1,0,0,0,0,0,0,1,0,0,0,0
218731894,975370,Dwarf Fortress,colony,1,0,0,0,0,0,0,0,0,0,0,0,0,1,0,0,0,0
218492379,975370,Dwarf Fortress,colony,1,0,0,0,0,0,0,0,0,0,1,0,0,0,0,0,0,0
218461869,975370,Dwarf Fortress,colony,4,1,0,0,0,0,1,0,0,0,0,0,1,1,0,0,0,0
218427788,975370,Dwarf Fortress,colony,1,0,0,0,0,0,0,0,0,0,0,0,0,0,0,0,0,1
218364517,975370,Dwarf Fortress,colony,1,0,0,0,0,0,0,0,0,1,0,0,0,0,0,0,0,0
218327383,975370,Dwarf Fortress,colony,5,1,0,0,0,1,0,0,0,1,0,0,0,1,0,1,0,0
218104131,975370,Dwarf Fortress,colony,3,0,0,0,0,0,1,0,0,0,0,0,0,1,0,1,0,0
217347174,975370,Dwarf Fortress,colony,1,0,0,0,0,0,1,0,0,0,0,0,0,0,0,0,0,0
217138612,975370,Dwarf Fortress,colony,2,0,0,0,0,0,1,0,0,0,0,0,0,1,0,0,0,0
216897029,975370,Dwarf Fortress,colony,1,0,0,0,0,0,0,0,0,0,0,0,0,1,0,0,0,0
216827208,975370,Dwarf Fortress,colony,1,0,0,0,0,0,0,0,0,0,0,0,0,0,0,0,0,1
216305085,975370,Dwarf Fortress,colony,1,0,0,0,0,0,1,0,0,0,0,0,0,0,0,0,0,0
215863083,975370,Dwarf Fortress,colony,7,1,1,0,0,1,1,0,0,1,0,0,0,1,0,1,0,0
215827355,975370,Dwarf Fortress,colony,2,0,0,0,0,0,0,0,0,0,1,0,0,1,0,0,0,0
215484222,975370,Dwarf Fortress,colony,1,0,0,0,0,0,0,0,0,0,0,0,0,1,0,0,0,0
215211980,975370,Dwarf Fortress,colony,2,0,1,0,0,0,0,0,0,0,0,0,0,1,0,0,0,0
215136223,975370,Dwarf Fortress,colony,1,0,0,0,0,0,0,0,0,0,0,0,0,0,0,0,0,1
215074720,975370,Dwarf Fortress,colony,1,0,0,0,0,0,0,0,0,0,0,0,0,0,0,0,0,1
215050123,975370,Dwarf Fortress,colony,1,0,0,0,0,0,0,0,0,0,0,0,0,1,0,0,0,0
214972973,975370,Dwarf Fortress,colony,1,0,0,0,0,0,0,0,0,0,0,0,0,0,0,0,0,1
214947657,975370,Dwarf Fortress,colony,2,0,0,0,1,0,0,0,0,0,0,0,0,0,0,1,0,0
214912685,975370,Dwarf Fortress,colony,1,0,0,0,0,0,0,0,0,0,1,0,0,0,0,0,0,0
214747807,975370,Dwarf Fortress,colony,4,0,0,0,0,0,1,0,0,0,0,0,1,1,0,1,0,0
214714726,975370,Dwarf Fortress,colony,1,0,0,0,0,0,0,1,0,0,0,0,0,0,0,0,0,0
214494066,975370,Dwarf Fortress,colony,1,0,0,0,0,0,0,0,0,0,0,0,1,0,0,0,0,0
214460626,975370,Dwarf Fortress,colony,1,0,0,0,0,0,0,0,0,0,0,0,0,0,0,0,0,1
214390765,975370,Dwarf Fortress,colony,4,0,1,0,0,0,1,0,0,0,0,0,0,1,0,1,0,0
214111644,975370,Dwarf Fortress,colony,2,0,0,0,0,1,0,0,0,1,0,0,0,0,0,0,0,0
214097798,975370,Dwarf Fortress,colony,1,0,0,0,0,0,0,0,0,0,0,1,0,0,0,0,0,0
214004464,975370,Dwarf Fortress,colony,2,0,0,0,0,1,0,0,0,0,1,0,0,0,0,0,0,0
213919294,975370,Dwarf Fortress,colony,1,0,0,0,0,0,0,0,0,0,0,0,0,0,0,0,0,1
213775529,975370,Dwarf Fortress,colony,1,0,0,0,0,0,0,0,0,0,0,0,0,0,0,0,0,1
213756618,975370,Dwarf Fortress,colony,1,0,0,0,0,0,0,1,0,0,0,0,0,0,0,0,0,0
213716935,975370,Dwarf Fortress,colony,2,1,1,0,0,0,0,0,0,0,0,0,0,0,0,0,0,0
213475866,975370,Dwarf Fortress,colony,9,1,0,1,1,1,0,1,0,1,0,0,1,1,0,1,0,0
213211251,975370,Dwarf Fortress,colony,2,1,0,0,0,1,0,0,0,0,0,0,0,0,0,0,0,0
231842246,457140,Oxygen Not Included,colony,2,0,0,0,0,0,1,0,0,0,1,0,0,0,0,0,0,0
231813265,457140,Oxygen Not Included,colony,1,0,0,0,0,0,0,0,0,0,0,0,0,0,0,0,0,1
231605227,457140,Oxygen Not Included,colony,2,1,0,0,0,0,1,0,0,0,0,0,0,0,0,0,0,0
231375111,457140,Oxygen Not Included,colony,2,1,0,0,0,1,0,0,0,0,0,0,0,0,0,0,0,0
231302772,457140,Oxygen Not Included,colony,1,0,0,0,0,1,0,0,0,0,0,0,0,0,0,0,0,0
230891623,457140,Oxygen Not Included,colony,1,0,1,0,0,0,0,0,0,0,0,0,0,0,0,0,0,0
230869410,457140,Oxygen Not Included,colony,1,0,0,0,0,0,0,0,0,0,0,0,0,0,0,0,0,1
230651402,457140,Oxygen Not Included,colony,1,0,0,0,0,0,0,0,0,0,0,0,0,0,0,0,0,1
230502565,457140,Oxygen Not Included,colony,2,0,0,0,0,0,1,0,0,0,0,1,0,0,0,0,0,0
230464492,457140,Oxygen Not Included,colony,1,0,0,0,0,1,0,0,0,0,0,0,0,0,0,0,0,0
230165297,457140,Oxygen Not Included,colony,3,1,0,0,1,0,0,0,0,0,0,0,0,0,0,1,0,0
230100443,457140,Oxygen Not Included,colony,1,0,0,0,0,0,0,0,0,0,0,0,0,0,0,0,0,1
229966122,457140,Oxygen Not Included,colony,2,0,0,1,0,0,1,0,0,0,0,0,0,0,0,0,0,0
229668688,457140,Oxygen Not Included,colony,1,0,0,0,0,0,0,0,0,0,0,0,0,0,0,0,0,1
229623164,457140,Oxygen Not Included,colony,1,0,0,0,0,0,0,0,0,0,0,0,0,0,0,0,0,1
229608088,457140,Oxygen Not Included,colony,2,1,0,0,0,0,0,0,0,0,0,0,0,1,0,0,0,0
229602003,457140,Oxygen Not Included,colony,1,0,0,1,0,0,0,0,0,0,0,0,0,0,0,0,0,0
229545931,457140,Oxygen Not Included,colony,1,0,0,0,0,0,0,0,0,0,0,0,0,0,0,0,0,1
229225373,457140,Oxygen Not Included,colony,1,0,0,0,0,0,0,0,0,0,0,0,0,0,0,0,0,1
229110842,457140,Oxygen Not Included,colony,2,0,0,0,0,0,1,0,0,0,0,0,0,1,0,0,0,0
229050278,457140,Oxygen Not Included,colony,2,0,0,0,0,1,0,0,0,0,0,0,0,1,0,0,0,0
228982959,457140,Oxygen Not Included,colony,2,0,1,0,1,0,0,0,0,0,0,0,0,0,0,0,0,0
228971411,457140,Oxygen Not Included,colony,1,0,0,0,0,0,0,0,0,0,0,0,0,0,0,0,0,1
228913685,457140,Oxygen Not Included,colony,1,0,0,0,0,0,0,0,0,0,0,1,0,0,0,0,0,0
228865435,457140,Oxygen Not Included,colony,1,0,0,0,0,0,0,0,0,0,0,0,0,0,0,0,0,1
228845493,457140,Oxygen Not Included,colony,1,0,0,0,0,0,0,0,0,0,0,0,0,0,0,0,0,1
228786747,457140,Oxygen Not Included,colony,1,0,0,0,0,0,0,0,0,0,0,1,0,0,0,0,0,0
228770239,457140,Oxygen Not Included,colony,1,0,0,0,0,0,0,0,0,0,0,0,0,0,0,0,0,1
228678822,457140,Oxygen Not Included,colony,3,0,0,1,0,0,1,0,0,0,0,0,0,1,0,0,0,0
228676661,457140,Oxygen Not Included,colony,1,0,0,0,0,0,0,0,0,0,0,0,1,0,0,0,0,0
228661747,457140,Oxygen Not Included,colony,1,0,0,0,0,0,0,0,0,0,0,0,1,0,0,0,0,0
228649329,457140,Oxygen Not Included,colony,1,1,0,0,0,0,0,0,0,0,0,0,0,0,0,0,0,0
228599907,457140,Oxygen Not Included,colony,1,0,0,0,0,0,1,0,0,0,0,0,0,0,0,0,0,0
228587546,457140,Oxygen Not Included,colony,2,0,0,0,0,0,1,0,0,0,0,0,1,0,0,0,0,0
228535447,457140,Oxygen Not Included,colony,1,0,0,0,0,0,0,0,0,0,0,0,0,0,0,0,0,1
228395613,457140,Oxygen Not Included,colony,1,0,0,0,0,0,0,0,0,0,0,0,1,0,0,0,0,0
228376222,457140,Oxygen Not Included,colony,1,0,0,0,0,1,0,0,0,0,0,0,0,0,0,0,0,0
228351441,457140,Oxygen Not Included,colony,2,0,0,0,0,1,0,0,0,0,0,0,1,0,0,0,0,0
228294846,457140,Oxygen Not Included,colony,1,0,0,0,0,0,0,0,0,0,0,0,0,0,0,0,1,0
228241770,457140,Oxygen Not Included,colony,1,0,0,0,0,0,0,0,0,0,0,0,0,0,0,0,1,0
228191025,457140,Oxygen Not Included,colony,1,0,0,0,0,0,0,0,0,0,0,0,0,0,0,0,0,1
228188969,457140,Oxygen Not Included,colony,1,0,0,0,0,0,0,0,0,0,0,0,0,0,0,0,0,1
228181734,457140,Oxygen Not Included,colony,1,0,0,0,0,0,0,0,0,0,0,0,0,0,0,0,0,1
228169606,457140,Oxygen Not Included,colony,1,0,0,0,0,0,0,0,0,0,0,0,0,0,0,0,0,1
228044025,457140,Oxygen Not Included,colony,1,0,0,0,0,0,1,0,0,0,0,0,0,0,0,0,0,0
228026295,457140,Oxygen Not Included,colony,1,0,0,0,0,0,0,0,0,0,0,0,0,0,0,0,1,0
227967930,457140,Oxygen Not Included,colony,3,0,0,0,0,0,1,0,0,0,0,1,1,0,0,0,0,0
227914040,457140,Oxygen Not Included,colony,1,0,0,0,0,0,0,0,0,0,0,0,0,0,0,0,0,1
227817927,457140,Oxygen Not Included,colony,1,0,0,0,0,0,0,0,0,0,0,0,0,0,0,0,0,1
227745154,457140,Oxygen Not Included,colony,1,0,0,0,0,0,0,0,0,0,0,0,0,0,0,0,1,0
227736358,457140,Oxygen Not Included,colony,2,0,0,0,0,1,0,0,0,0,0,0,1,0,0,0,0,0
227514023,457140,Oxygen Not Included,colony,2,0,0,1,0,1,0,0,0,0,0,0,0,0,0,0,0,0
227456890,457140,Oxygen Not Included,colony,1,0,0,0,0,0,0,0,0,0,0,0,1,0,0,0,0,0
226853333,457140,Oxygen Not Included,colony,1,0,0,0,0,0,0,0,0,0,0,0,0,0,0,1,0,0
226433699,457140,Oxygen Not Included,colony,1,0,0,0,0,0,0,0,0,0,0,0,0,0,0,0,0,1
226285065,457140,Oxygen Not Included,colony,1,0,0,0,0,0,0,0,0,0,0,0,1,0,0,0,0,0
226159239,457140,Oxygen Not Included,colony,1,0,0,0,0,0,0,0,0,0,0,0,0,0,0,0,0,1
225597670,457140,Oxygen Not Included,colony,1,0,0,0,0,0,0,0,0,0,0,0,0,0,0,0,0,1
225291629,457140,Oxygen Not Included,colony,1,0,0,0,0,0,0,0,0,0,0,0,0,0,0,0,1,0
225152833,457140,Oxygen Not Included,colony,1,0,0,0,0,0,1,0,0,0,0,0,0,0,0,0,0,0
225037377,457140,Oxygen Not Included,colony,1,0,0,0,0,0,0,0,0,0,0,0,0,0,0,0,1,0
224995776,457140,Oxygen Not Included,colony,4,0,0,0,0,1,1,0,0,0,0,1,0,1,0,0,0,0
224741652,457140,Oxygen Not Included,colony,1,0,0,0,0,0,0,0,0,0,0,0,0,0,0,0,1,0
224635642,457140,Oxygen Not Included,colony,1,0,0,0,0,0,1,0,0,0,0,0,0,0,0,0,0,0
224479228,457140,Oxygen Not Included,colony,1,0,0,0,0,0,0,0,0,0,0,0,0,0,0,0,1,0
224179088,457140,Oxygen Not Included,colony,1,0,0,0,0,0,0,0,0,0,0,0,0,0,0,0,0,1
224073687,457140,Oxygen Not Included,colony,1,0,0,0,0,0,0,0,0,0,0,0,1,0,0,0,0,0
223944203,457140,Oxygen Not Included,colony,1,0,0,0,0,0,0,0,0,0,0,0,0,0,0,0,0,1
223867887,457140,Oxygen Not Included,colony,1,0,0,0,0,0,0,0,0,0,0,0,0,0,0,0,0,1
223837070,457140,Oxygen Not Included,colony,1,0,0,0,0,0,0,0,0,0,0,0,0,0,0,0,1,0
223791293,457140,Oxygen Not Included,colony,2,1,0,0,0,0,0,0,0,0,0,0,0,1,0,0,0,0
223682812,457140,Oxygen Not Included,colony,5,0,0,0,1,1,0,1,0,1,0,0,0,0,0,1,0,0
223450391,457140,Oxygen Not Included,colony,2,0,0,0,0,0,0,0,0,0,1,1,0,0,0,0,0,0
223394903,457140,Oxygen Not Included,colony,1,0,1,0,0,0,0,0,0,0,0,0,0,0,0,0,0,0
223271163,457140,Oxygen Not Included,colony,1,0,0,0,0,0,0,0,0,0,0,0,0,0,0,0,0,1
223060926,457140,Oxygen Not Included,colony,2,1,0,0,0,0,0,1,0,0,0,0,0,0,0,0,0,0
231890341,427520,Factorio,colony,1,0,0,0,1,0,0,0,0,0,0,0,0,0,0,0,0,0
231858522,427520,Factorio,colony,1,0,0,0,0,0,0,0,0,0,0,0,0,0,0,0,0,1
231731296,427520,Factorio,colony,1,1,0,0,0,0,0,0,0,0,0,0,0,0,0,0,0,0
231631068,427520,Factorio,colony,1,0,0,0,0,0,0,0,0,0,0,0,0,0,0,0,1,0
231405871,427520,Factorio,colony,3,1,0,0,0,0,1,0,0,0,0,0,0,1,0,0,0,0
231361439,427520,Factorio,colony,1,0,0,0,0,0,0,0,0,0,0,1,0,0,0,0,0,0
231286449,427520,Factorio,colony,1,0,0,0,0,0,0,0,0,0,0,0,0,0,0,0,0,1
231133186,427520,Factorio,colony,2,0,1,0,1,0,0,0,0,0,0,0,0,0,0,0,0,0
231107729,427520,Factorio,colony,1,0,0,0,0,0,0,0,0,0,0,0,0,0,0,0,0,1
230931206,427520,Factorio,colony,1,0,0,0,0,0,0,0,0,0,0,0,0,0,0,0,0,1
230904793,427520,Factorio,colony,1,0,0,0,0,0,0,0,0,0,0,0,0,0,0,0,0,1
230861280,427520,Factorio,colony,1,0,0,0,0,0,0,0,0,0,0,0,0,0,0,0,0,1
230852137,427520,Factorio,colony,1,0,0,0,0,0,0,0,0,0,0,0,0,0,0,0,1,0
230800556,427520,Factorio,colony,1,0,0,0,0,0,0,0,0,0,0,0,0,0,0,0,1,0
230662649,427520,Factorio,colony,1,0,0,0,0,0,0,0,0,0,0,0,0,0,0,0,1,0
230491733,427520,Factorio,colony,1,0,0,0,0,0,0,0,0,0,0,0,0,1,0,0,0,0
230451848,427520,Factorio,colony,3,1,0,0,0,1,0,1,0,0,0,0,0,0,0,0,0,0
230437323,427520,Factorio,colony,1,0,0,0,0,0,0,0,0,0,0,0,0,0,0,0,1,0
230436953,427520,Factorio,colony,1,0,0,0,0,0,0,0,0,0,0,0,0,0,0,0,1,0
230354363,427520,Factorio,colony,1,0,0,0,0,0,0,0,0,0,0,0,0,0,0,0,0,1
229941246,427520,Factorio,colony,2,1,0,0,0,0,0,1,0,0,0,0,0,0,0,0,0,0
229729797,427520,Factorio,colony,1,0,0,0,0,0,0,0,0,0,0,0,0,0,0,0,0,1
229724738,427520,Factorio,colony,1,0,0,0,0,0,0,0,0,0,0,0,0,0,0,0,0,1
229711250,427520,Factorio,colony,1,0,0,0,0,0,0,0,0,0,0,0,0,0,0,0,0,1
229662857,427520,Factorio,colony,3,1,1,0,0,0,0,0,0,0,0,0,0,0,0,1,0,0
229303803,427520,Factorio,colony,1,0,0,0,0,0,0,0,0,0,0,0,0,0,0,0,0,1
229303459,427520,Factorio,colony,1,0,0,1,0,0,0,0,0,0,0,0,0,0,0,0,0,0
229301217,427520,Factorio,colony,1,0,0,0,0,0,0,0,0,0,0,0,0,0,0,0,0,1
229286693,427520,Factorio,colony,1,0,1,0,0,0,0,0,0,0,0,0,0,0,0,0,0,0
229183960,427520,Factorio,colony,1,0,0,0,0,0,0,0,0,0,0,1,0,0,0,0,0,0
229147733,427520,Factorio,colony,2,1,0,0,0,0,0,1,0,0,0,0,0,0,0,0,0,0
229108098,427520,Factorio,colony,1,0,0,0,0,0,0,0,0,0,0,0,0,0,0,1,0,0
228985254,427520,Factorio,colony,1,0,0,0,0,0,0,0,0,0,0,0,0,0,0,0,0,1
228921283,427520,Factorio,colony,1,0,1,0,0,0,0,0,0,0,0,0,0,0,0,0,0,0
228826079,427520,Factorio,colony,1,0,0,0,0,0,0,0,0,0,0,0,0,0,0,0,0,1
228645891,427520,Factorio,colony,1,0,0,0,0,0,0,0,0,0,0,0,0,0,0,0,1,0
228610051,427520,Factorio,colony,1,0,0,0,0,0,0,0,0,0,0,0,0,0,0,0,0,1
231664299,1162750,Songs of Syx,colony,1,0,0,0,0,0,0,0,0,0,0,0,0,0,0,0,0,1
231414569,1162750,Songs of Syx,colony,1,0,0,0,0,0,0,0,0,0,0,0,0,0,0,0,0,1
231302465,1162750,Songs of Syx,colony,1,0,0,0,0,0,0,0,0,0,0,0,0,0,1,0,0,0
231276222,1162750,Songs of Syx,colony,1,0,0,0,0,0,0,0,0,0,0,0,0,0,0,0,0,1
231029064,1162750,Songs of Syx,colony,1,0,0,0,0,0,1,0,0,0,0,0,0,0,0,0,0,0
230898825,1162750,Songs of Syx,colony,3,0,1,0,0,0,1,0,0,0,0,0,1,0,0,0,0,0
230874463,1162750,Songs of Syx,colony,2,0,0,0,0,0,1,0,0,0,0,0,0,1,0,0,0,0
230865581,1162750,Songs of Syx,colony,3,0,0,0,0,0,1,0,0,0,0,0,0,1,1,0,0,0
230729661,1162750,Songs of Syx,colony,1,0,0,0,0,0,0,0,0,0,0,0,0,0,0,0,0,1
230725188,1162750,Songs of Syx,colony,1,0,0,0,0,0,0,0,0,0,0,0,0,1,0,0,0,0
230620919,1162750,Songs of Syx,colony,4,0,1,0,0,1,0,1,0,0,0,0,0,0,1,0,0,0
230078635,1162750,Songs of Syx,colony,1,0,0,0,0,0,0,0,0,0,0,0,0,0,0,0,0,1
230073628,1162750,Songs of Syx,colony,1,0,0,0,0,0,0,0,0,0,0,0,0,0,0,0,0,1
229730762,1162750,Songs of Syx,colony,3,1,0,0,0,1,1,0,0,0,0,0,0,0,0,0,0,0
229685327,1162750,Songs of Syx,colony,2,0,0,0,0,0,0,0,0,0,0,0,1,0,0,1,0,0
229647750,1162750,Songs of Syx,colony,1,0,0,0,0,0,0,0,0,0,0,0,0,0,0,0,0,1
229520319,1162750,Songs of Syx,colony,1,0,0,0,0,0,0,0,0,0,0,0,0,0,0,0,0,1
229465531,1162750,Songs of Syx,colony,1,0,0,0,0,0,0,0,0,0,0,0,0,0,0,0,0,1
229384826,1162750,Songs of Syx,colony,1,0,0,0,0,0,0,0,0,0,0,0,0,0,0,0,0,1
229384290,1162750,Songs of Syx,colony,6,0,1,1,0,0,1,0,0,0,1,0,0,1,0,1,0,0
229361167,1162750,Songs of Syx,colony,4,0,0,0,0,1,1,0,0,0,0,0,0,1,1,0,0,0
229345639,1162750,Songs of Syx,colony,2,0,0,0,0,0,1,0,0,0,0,0,0,1,0,0,0,0
229306907,1162750,Songs of Syx,colony,1,0,0,0,0,0,1,0,0,0,0,0,0,0,0,0,0,0
229144284,1162750,Songs of Syx,colony,6,1,0,0,0,0,1,1,0,0,0,0,0,1,1,1,0,0
229126317,1162750,Songs of Syx,colony,1,0,0,0,0,0,1,0,0,0,0,0,0,0,0,0,0,0
229100931,1162750,Songs of Syx,colony,1,0,0,0,0,0,0,0,0,0,1,0,0,0,0,0,0,0
229083355,1162750,Songs of Syx,colony,1,1,0,0,0,0,0,0,0,0,0,0,0,0,0,0,0,0
229028753,1162750,Songs of Syx,colony,1,0,0,0,0,0,0,0,0,1,0,0,0,0,0,0,0,0
229028612,1162750,Songs of Syx,colony,2,0,0,0,0,0,0,1,0,0,0,0,0,0,0,1,0,0
229010502,1162750,Songs of Syx,colony,3,0,1,0,0,0,0,0,0,0,1,0,1,0,0,0,0,0
229008338,1162750,Songs of Syx,colony,3,1,1,0,0,0,1,0,0,0,0,0,0,0,0,0,0,0
228968047,1162750,Songs of Syx,colony,1,0,0,0,0,0,0,0,0,0,0,0,0,0,0,0,0,1
228921515,1162750,Songs of Syx,colony,2,0,0,0,0,0,1,0,0,0,0,0,0,1,0,0,0,0
228909522,1162750,Songs of Syx,colony,1,0,0,0,0,0,0,0,0,1,0,0,0,0,0,0,0,0
228905404,1162750,Songs of Syx,colony,1,0,0,0,0,0,0,0,0,0,0,0,0,0,0,0,0,1
228904964,1162750,Songs of Syx,colony,1,1,0,0,0,0,0,0,0,0,0,0,0,0,0,0,0,0
228835855,1162750,Songs of Syx,colony,1,0,0,0,0,0,0,0,0,0,0,0,1,0,0,0,0,0
228807539,1162750,Songs of Syx,colony,2,0,1,0,0,0,0,0,0,1,0,0,0,0,0,0,0,0
228694521,1162750,Songs of Syx,colony,1,0,0,0,0,0,0,0,0,0,0,0,0,0,0,0,1,0
228676942,1162750,Songs of Syx,colony,4,0,0,0,0,1,0,1,0,0,1,0,0,0,1,0,0,0
228638867,1162750,Songs of Syx,colony,5,1,1,1,1,0,0,1,0,0,0,0,0,0,0,0,0,0
228607794,1162750,Songs of Syx,colony,1,0,1,0,0,0,0,0,0,0,0,0,0,0,0,0,0,0
228607303,1162750,Songs of Syx,colony,1,0,0,0,0,0,0,0,0,0,0,0,0,0,0,0,0,1
228605342,1162750,Songs of Syx,colony,1,0,1,0,0,0,0,0,0,0,0,0,0,0,0,0,0,0
228602900,1162750,Songs of Syx,colony,1,0,1,0,0,0,0,0,0,0,0,0,0,0,0,0,0,0
228591624,1162750,Songs of Syx,colony,1,0,0,0,0,0,0,0,0,0,0,0,0,0,0,0,1,0
228557249,1162750,Songs of Syx,colony,4,0,0,1,1,0,1,0,0,0,1,0,0,0,0,0,0,0
228541023,1162750,Songs of Syx,colony,3,0,0,0,0,1,1,0,0,0,0,0,0,1,0,0,0,0
228524345,1162750,Songs of Syx,colony,3,0,1,0,0,0,0,0,0,0,0,0,0,1,0,1,0,0
228499524,1162750,Songs of Syx,colony,2,1,0,0,0,0,1,0,0,0,0,0,0,0,0,0,0,0
228490503,1162750,Songs of Syx,colony,1,0,0,0,0,0,0,0,0,0,0,0,0,0,0,0,0,1
228472252,1162750,Songs of Syx,colony,5,0,1,1,0,0,1,0,0,0,0,0,1,0,0,1,0,0
228464072,1162750,Songs of Syx,colony,1,1,0,0,0,0,0,0,0,0,0,0,0,0,0,0,0,0
228456321,1162750,Songs of Syx,colony,1,0,0,0,0,0,0,0,0,0,0,0,0,0,0,0,1,0
228455835,1162750,Songs of Syx,colony,3,1,0,0,0,0,1,0,0,0,0,0,0,1,0,0,0,0
228449819,1162750,Songs of Syx,colony,1,0,0,0,0,0,0,0,0,0,0,0,0,1,0,0,0,0
228447474,1162750,Songs of Syx,colony,1,0,0,0,0,0,0,0,0,0,0,0,0,0,1,0,0,0
228443596,1162750,Songs of Syx,colony,1,0,0,0,0,0,0,0,0,0,0,0,0,0,0,0,0,1
228376338,1162750,Songs of Syx,colony,1,0,0,0,0,0,0,0,0,0,0,0,0,0,0,0,0,1
228365917,1162750,Songs of Syx,colony,5,0,1,1,0,1,0,1,0,0,0,0,1,0,0,0,0,0
228361832,1162750,Songs of Syx,colony,1,0,0,0,0,0,0,0,0,0,0,0,0,0,0,1,0,0
228343744,1162750,Songs of Syx,colony,4,0,1,0,0,0,0,0,0,1,1,0,0,0,1,0,0,0
228280394,1162750,Songs of Syx,colony,1,0,0,0,0,0,0,0,0,0,0,0,0,0,0,0,0,1
228167499,1162750,Songs of Syx,colony,2,1,0,0,0,0,0,1,0,0,0,0,0,0,0,0,0,0
228135482,1162750,Songs of Syx,colony,1,0,0,0,0,0,0,0,0,0,0,0,0,0,0,0,0,1
228061208,1162750,Songs of Syx,colony,3,1,0,0,0,1,0,0,0,0,0,0,1,0,0,0,0,0
227930895,1162750,Songs of Syx,colony,1,1,0,0,0,0,0,0,0,0,0,0,0,0,0,0,0,0
227865532,1162750,Songs of Syx,colony,3,0,0,0,0,0,1,0,0,0,0,0,1,1,0,0,0,0
227321156,1162750,Songs of Syx,colony,4,0,1,1,0,0,0,0,0,1,0,0,0,0,1,0,0,0
227076815,1162750,Songs of Syx,colony,2,0,0,0,0,0,0,0,0,0,1,0,1,0,0,0,0,0
227018138,1162750,Songs of Syx,colony,2,0,0,0,0,0,0,1,0,0,1,0,0,0,0,0,0,0
226978399,1162750,Songs of Syx,colony,1,0,0,0,0,0,1,0,0,0,0,0,0,0,0,0,0,0
226665007,1162750,Songs of Syx,colony,1,0,0,0,0,0,0,0,0,0,0,0,0,0,0,0,0,1
226640846,1162750,Songs of Syx,colony,3,1,1,0,0,0,0,0,0,0,0,0,0,0,1,0,0,0
226490838,1162750,Songs of Syx,colony,1,0,0,0,0,0,0,0,0,0,0,0,0,0,0,0,0,1
226040968,1162750,Songs of Syx,colony,1,0,0,0,0,0,0,0,0,0,0,0,0,0,0,0,1,0
225930692,1162750,Songs of Syx,colony,1,0,0,0,0,0,0,0,0,0,0,0,0,0,0,0,0,1
225394034,1162750,Songs of Syx,colony,1,0,0,0,0,0,0,0,0,0,0,0,0,1,0,0,0,0
225336147,1162750,Songs of Syx,colony,7,1,0,0,0,1,1,0,0,1,0,0,1,1,1,0,0,0
225329752,1162750,Songs of Syx,colony,1,1,0,0,0,0,0,0,0,0,0,0,0,0,0,0,0,0
225254429,1162750,Songs of Syx,colony,3,1,1,0,0,1,0,0,0,0,0,0,0,0,0,0,0,0
224976786,1162750,Songs of Syx,colony,1,0,0,0,0,0,0,0,0,0,1,0,0,0,0,0,0,0
224611353,1162750,Songs of Syx,colony,1,0,0,0,0,1,0,0,0,0,0,0,0,0,0,0,0,0
224572871,1162750,Songs of Syx,colony,1,0,0,0,0,0,0,0,0,0,0,0,1,0,0,0,0,0
224328176,1162750,Songs of Syx,colony,2,1,0,0,0,0,1,0,0,0,0,0,0,0,0,0,0,0
224290207,1162750,Songs of Syx,colony,1,0,0,0,0,0,0,0,0,0,0,0,0,1,0,0,0,0
224176722,1162750,Songs of Syx,colony,1,0,0,0,0,0,0,0,0,0,0,0,0,0,0,0,0,1
223806263,1162750,Songs of Syx,colony,3,1,1,0,0,0,1,0,0,0,0,0,0,0,0,0,0,0
223804097,1162750,Songs of Syx,colony,3,0,0,1,0,1,0,0,0,0,0,0,0,1,0,0,0,0
223729676,1162750,Songs of Syx,colony,3,0,1,0,0,0,1,0,0,0,0,0,0,0,1,0,0,0
223597214,1162750,Songs of Syx,colony,2,0,1,0,0,0,0,0,0,0,0,0,0,1,0,0,0,0
223482912,1162750,Songs of Syx,colony,3,0,0,0,0,0,1,0,0,1,0,0,0,1,0,0,0,0
223461686,1162750,Songs of Syx,colony,2,0,0,0,0,0,0,0,0,0,1,0,1,0,0,0,0,0
223412668,1162750,Songs of Syx,colony,3,0,0,1,0,1,0,0,0,1,0,0,0,0,0,0,0,0
223405642,1162750,Songs of Syx,colony,2,0,0,0,0,1,0,0,0,1,0,0,0,0,0,0,0,0
223292663,1162750,Songs of Syx,colony,2,1,0,0,0,0,1,0,0,0,0,0,0,0,0,0,0,0
222640466,1162750,Songs of Syx,colony,1,0,0,0,0,0,0,0,0,0,0,0,0,0,0,1,0,0
222385514,1162750,Songs of Syx,colony,1,0,0,0,0,0,0,0,0,0,0,0,0,0,0,0,0,1
222137493,1162750,Songs of Syx,colony,1,0,0,0,0,0,0,0,0,0,0,0,1,0,0,0,0,0
222128486,1162750,Songs of Syx,colony,4,1,0,0,0,1,1,0,0,0,0,0,1,0,0,0,0,0
221970624,1162750,Songs of Syx,colony,1,0,0,0,0,0,0,0,0,0,0,0,0,0,0,0,0,1
221732044,1162750,Songs of Syx,colony,1,0,0,0,0,0,0,0,0,0,0,0,0,0,0,0,0,1
221657014,1162750,Songs of Syx,colony,1,0,0,0,0,0,0,0,0,0,0,0,0,0,0,0,0,1
220760904,1162750,Songs of Syx,colony,3,0,0,0,1,1,0,0,0,0,0,0,1,0,0,0,0,0
220091817,1162750,Songs of Syx,colony,1,0,0,0,0,0,1,0,0,0,0,0,0,0,0,0,0,0
219754048,1162750,Songs of Syx,colony,7,0,1,0,0,1,1,0,0,0,0,0,1,1,1,1,0,0
219660643,1162750,Songs of Syx,colony,1,0,0,0,0,0,0,0,0,0,0,0,0,0,0,0,0,1
219652677,1162750,Songs of Syx,colony,1,0,0,0,0,0,0,0,0,0,0,0,0,0,0,0,0,1
219621328,1162750,Songs of Syx,colony,1,0,0,0,0,0,0,0,0,0,0,0,0,1,0,0,0,0
219230629,1162750,Songs of Syx,colony,1,0,0,0,0,0,0,0,0,0,0,0,0,0,0,0,0,1
219176750,1162750,Songs of Syx,colony,1,0,0,0,0,0,0,0,0,0,0,0,1,0,0,0,0,0
219012580,1162750,Songs of Syx,colony,5,1,1,0,0,0,1,0,0,0,0,0,0,1,1,0,0,0
218880746,1162750,Songs of Syx,colony,3,0,0,0,0,0,1,0,0,1,0,0,1,0,0,0,0,0
218792273,1162750,Songs of Syx,colony,2,0,1,0,0,0,0,1,0,0,0,0,0,0,0,0,0,0
218736384,1162750,Songs of Syx,colony,1,0,0,0,0,0,0,0,0,0,0,0,0,0,0,0,0,1
218332258,1162750,Songs of Syx,colony,1,0,0,0,1,0,0,0,0,0,0,0,0,0,0,0,0,0
218328945,1162750,Songs of Syx,colony,1,0,0,0,0,0,0,0,0,0,0,0,0,0,0,0,0,1
218257430,1162750,Songs of Syx,colony,1,0,0,0,0,0,0,0,0,0,0,0,0,0,0,0,0,1
218250457,1162750,Songs of Syx,colony,1,0,0,0,0,0,0,0,0,0,0,0,0,1,0,0,0,0
218199517,1162750,Songs of Syx,colony,1,0,0,0,0,0,0,0,0,0,0,0,1,0,0,0,0,0
217120114,1162750,Songs of Syx,colony,5,1,1,0,0,0,1,0,0,0,0,0,1,1,0,0,0,0
217116569,1162750,Songs of Syx,colony,2,1,0,0,0,0,1,0,0,0,0,0,0,0,0,0,0,0
216795233,1162750,Songs of Syx,colony,5,1,0,0,1,0,0,0,0,1,0,0,0,1,0,1,0,0
216734980,1162750,Songs of Syx,colony,2,0,0,0,0,1,0,0,0,0,0,0,0,1,0,0,0,0
231289988,242920,Banished,colony,4,1,1,1,0,1,0,0,0,0,0,0,0,0,0,0,0,0
229683847,242920,Banished,colony,1,0,0,0,0,0,0,0,0,0,0,0,0,0,0,0,0,1
228830562,242920,Banished,colony,1,0,0,0,0,0,0,0,0,0,0,1,0,0,0,0,0,0
228792464,242920,Banished,colony,1,0,0,0,0,0,0,0,0,0,0,0,0,0,0,0,1,0
228127024,242920,Banished,colony,1,0,0,0,0,0,0,0,0,0,0,0,0,0,0,0,0,1
227821741,242920,Banished,colony,4,0,0,0,1,0,1,0,0,0,0,0,0,1,1,0,0,0
227400701,242920,Banished,colony,1,0,0,0,0,0,0,0,0,0,0,0,0,0,0,0,0,1
227250373,242920,Banished,colony,2,0,0,0,0,0,0,0,0,0,1,0,1,0,0,0,0,0
226555035,242920,Banished,colony,1,0,0,0,0,0,0,0,0,0,1,0,0,0,0,0,0,0
226145169,242920,Banished,colony,1,0,0,0,0,0,0,0,0,0,0,0,0,0,0,0,0,1
225365355,242920,Banished,colony,1,0,0,0,0,0,0,0,0,0,0,0,0,0,0,0,0,1
225365248,242920,Banished,colony,2,0,0,0,0,1,1,0,0,0,0,0,0,0,0,0,0,0
224246360,242920,Banished,colony,1,0,0,0,0,0,1,0,0,0,0,0,0,0,0,0,0,0
224025941,242920,Banished,colony,1,0,0,0,0,0,0,0,0,0,0,0,0,0,0,0,0,1
223698869,242920,Banished,colony,2,0,0,0,0,1,0,1,0,0,0,0,0,0,0,0,0,0
223620993,242920,Banished,colony,2,0,0,0,0,0,0,0,0,0,0,0,1,0,0,1,0,0
223550098,242920,Banished,colony,1,0,0,0,0,0,0,0,0,0,0,0,0,1,0,0,0,0
223097488,242920,Banished,colony,1,0,0,0,0,0,0,0,0,0,0,0,0,0,0,0,0,1
222708422,242920,Banished,colony,1,0,0,0,0,0,0,0,0,0,0,0,0,0,0,0,1,0
221761134,242920,Banished,colony,2,0,0,0,0,0,0,1,0,1,0,0,0,0,0,0,0,0
219306466,242920,Banished,colony,1,0,0,0,0,0,0,0,0,0,0,0,0,0,0,0,0,1
219172704,242920,Banished,colony,1,0,0,0,1,0,0,0,0,0,0,0,0,0,0,0,0,0
218904655,242920,Banished,colony,1,0,0,0,0,0,0,0,0,0,0,0,0,1,0,0,0,0
218311583,242920,Banished,colony,1,0,0,0,0,0,0,0,0,0,0,0,0,0,0,0,1,0
218194653,242920,Banished,colony,1,0,0,0,0,0,0,0,0,0,0,0,0,0,0,0,0,1
216852957,242920,Banished,colony,1,0,0,0,0,0,1,0,0,0,0,0,0,0,0,0,0,0
216577276,242920,Banished,colony,1,0,0,0,0,1,0,0,0,0,0,0,0,0,0,0,0,0
216137745,242920,Banished,colony,2,0,1,0,0,0,0,0,0,0,0,0,0,0,1,0,0,0
215150266,242920,Banished,colony,1,0,0,0,0,0,0,0,0,0,1,0,0,0,0,0,0,0
215144327,242920,Banished,colony,3,0,0,0,0,0,0,0,0,0,1,0,0,1,1,0,0,0
214977062,242920,Banished,colony,1,0,0,0,0,0,0,0,0,0,0,0,0,0,0,0,0,1
214569653,242920,Banished,colony,1,1,0,0,0,0,0,0,0,0,0,0,0,0,0,0,0,0
214131626,242920,Banished,colony,1,0,0,0,0,0,0,0,0,0,0,0,0,0,1,0,0,0
213794392,242920,Banished,colony,1,0,0,0,0,0,0,0,0,0,0,0,0,0,0,0,0,1
213775097,242920,Banished,colony,1,0,0,0,0,0,0,0,0,0,0,0,0,1,0,0,0,0
213576987,242920,Banished,colony,4,0,0,1,1,0,0,0,0,0,1,0,0,0,0,1,0,0
212890206,242920,Banished,colony,1,0,0,0,0,1,0,0,0,0,0,0,0,0,0,0,0,0
212787545,242920,Banished,colony,3,0,0,0,0,1,0,0,0,1,0,0,1,0,0,0,0,0
210146730,242920,Banished,colony,1,0,0,0,0,0,0,0,0,0,0,0,0,0,0,0,0,1
209896425,242920,Banished,colony,1,0,0,0,0,0,0,0,0,0,0,0,0,0,0,0,0,1
209227696,242920,Banished,colony,2,1,1,0,0,0,0,0,0,0,0,0,0,0,0,0,0,0
209138840,242920,Banished,colony,1,0,0,0,0,0,0,0,0,0,0,0,0,0,0,0,0,1
208989706,242920,Banished,colony,1,0,0,0,0,0,0,0,0,0,0,0,0,0,0,0,1,0
207339968,242920,Banished,colony,1,0,0,0,0,0,0,0,0,0,0,0,0,0,0,0,0,1
206825197,242920,Banished,colony,1,0,0,0,0,0,0,0,0,0,0,0,0,0,0,0,0,1
205445805,242920,Banished,colony,1,1,0,0,0,0,0,0,0,0,0,0,0,0,0,0,0,0
204181690,242920,Banished,colony,1,1,0,0,0,0,0,0,0,0,0,0,0,0,0,0,0,0
204090245,242920,Banished,colony,4,1,0,1,0,0,0,0,0,1,0,0,0,1,0,0,0,0
203832946,242920,Banished,colony,2,0,0,0,1,0,0,0,0,0,0,0,0,0,0,1,0,0
203212095,242920,Banished,colony,1,0,0,0,0,1,0,0,0,0,0,0,0,0,0,0,0,0
203072295,242920,Banished,colony,1,1,0,0,0,0,0,0,0,0,0,0,0,0,0,0,0,0
202608763,242920,Banished,colony,1,0,0,0,0,0,0,0,0,0,0,0,0,0,0,0,0,1
202579140,242920,Banished,colony,2,0,0,1,0,0,1,0,0,0,0,0,0,0,0,0,0,0
202508090,242920,Banished,colony,1,0,0,0,0,0,0,0,0,1,0,0,0,0,0,0,0,0
202136353,242920,Banished,colony,1,1,0,0,0,0,0,0,0,0,0,0,0,0,0,0,0,0
201821590,242920,Banished,colony,1,0,0,0,0,0,0,0,0,0,0,0,0,0,0,0,0,1
201493231,242920,Banished,colony,1,0,0,0,0,0,0,0,0,0,1,0,0,0,0,0,0,0
200347371,242920,Banished,colony,3,0,0,0,0,0,0,0,0,0,1,0,1,1,0,0,0,0
200237627,242920,Banished,colony,1,0,0,0,0,0,0,0,0,0,0,0,0,0,1,0,0,0
200011528,242920,Banished,colony,3,0,1,0,0,1,0,0,0,0,1,0,0,0,0,0,0,0
199247705,242920,Banished,colony,1,1,0,0,0,0,0,0,0,0,0,0,0,0,0,0,0,0
199205233,242920,Banished,colony,1,0,0,0,0,0,0,0,0,0,0,0,0,0,0,0,0,1
198879303,242920,Banished,colony,1,0,0,0,0,0,0,0,0,0,0,0,0,1,0,0,0,0
198816378,242920,Banished,colony,1,0,0,0,0,0,0,0,0,0,0,0,0,0,0,0,1,0
198217135,242920,Banished,colony,1,0,0,0,0,0,0,0,0,0,0,0,0,0,1,0,0,0
197982665,242920,Banished,colony,1,0,0,0,0,0,0,0,0,0,0,0,0,0,0,0,0,1
197611891,242920,Banished,colony,1,0,0,0,0,0,0,0,0,0,0,0,0,0,0,0,0,1
197236056,242920,Banished,colony,1,0,0,0,0,0,0,0,0,0,0,0,0,0,0,0,0,1
196105832,242920,Banished,colony,2,1,1,0,0,0,0,0,0,0,0,0,0,0,0,0,0,0
195247610,242920,Banished,colony,2,0,0,0,0,1,0,0,0,0,0,0,0,1,0,0,0,0
195149615,242920,Banished,colony,4,0,0,0,0,1,1,0,0,1,0,0,0,1,0,0,0,0
194142848,242920,Banished,colony,2,0,0,0,1,0,0,0,0,0,0,0,0,1,0,0,0,0
193747753,242920,Banished,colony,3,0,0,0,0,1,0,0,0,0,1,0,1,0,0,0,0,0
193549193,242920,Banished,colony,1,0,0,0,0,0,0,0,0,0,0,0,0,0,0,0,0,1
193523286,242920,Banished,colony,1,0,0,0,0,0,0,0,0,0,0,0,0,0,0,0,0,1
192991650,242920,Banished,colony,2,0,1,0,0,1,0,0,0,0,0,0,0,0,0,0,0,0
192695382,242920,Banished,colony,1,0,0,0,0,0,0,0,0,0,0,0,0,0,0,0,1,0
192555448,242920,Banished,colony,2,0,0,0,0,1,0,0,0,0,0,0,0,1,0,0,0,0
192337748,242920,Banished,colony,1,0,0,0,0,0,0,0,0,0,0,0,0,0,1,0,0,0
192327475,242920,Banished,colony,1,0,0,0,0,0,0,0,0,0,0,0,0,0,0,0,0,1
191806374,242920,Banished,colony,2,0,0,0,0,0,0,0,0,0,1,0,1,0,0,0,0,0
191625516,242920,Banished,colony,2,0,0,0,0,0,0,0,0,0,1,0,0,0,1,0,0,0
191532292,242920,Banished,colony,1,0,0,0,0,0,0,0,0,0,0,0,0,0,0,0,0,1
191506287,242920,Banished,colony,4,0,0,0,0,1,0,0,0,0,0,0,1,0,1,1,0,0
191416932,242920,Banished,colony,1,0,0,0,0,0,0,0,0,1,0,0,0,0,0,0,0,0
191313335,242920,Banished,colony,1,0,0,0,0,0,0,0,0,0,0,0,0,0,0,0,1,0
191277956,242920,Banished,colony,1,0,0,0,0,0,0,0,0,0,0,0,0,0,0,0,1,0
191200283,242920,Banished,colony,1,0,0,0,0,0,0,0,0,0,0,0,0,0,0,0,0,1
191146840,242920,Banished,colony,1,0,0,0,0,0,0,0,0,0,0,0,0,0,0,0,0,1
190500781,242920,Banished,colony,1,0,0,0,0,0,0,0,0,1,0,0,0,0,0,0,0,0
190299072,242920,Banished,colony,1,1,0,0,0,0,0,0,0,0,0,0,0,0,0,0,0,0
190275009,242920,Banished,colony,1,0,0,0,0,0,0,0,0,0,0,0,0,0,0,0,0,1
190094811,242920,Banished,colony,1,0,0,0,0,0,0,0,0,1,0,0,0,0,0,0,0,0
190019994,242920,Banished,colony,3,1,0,0,0,1,0,0,0,0,0,0,0,0,0,1,0,0
189656916,242920,Banished,colony,1,0,0,0,0,0,0,0,0,0,0,0,0,0,0,0,0,1
189183660,242920,Banished,colony,1,0,0,0,0,0,0,0,0,0,0,0,0,0,1,0,0,0
188631501,242920,Banished,colony,2,0,1,0,0,1,0,0,0,0,0,0,0,0,0,0,0,0
188016639,242920,Banished,colony,4,1,1,0,0,0,0,0,0,0,0,0,0,0,1,1,0,0
187858895,242920,Banished,colony,2,1,0,0,0,1,0,0,0,0,0,0,0,0,0,0,0,0
187398664,242920,Banished,colony,1,0,0,0,0,0,0,0,0,0,0,0,0,0,0,0,1,0
186927108,242920,Banished,colony,1,0,0,0,0,0,0,0,0,0,0,0,0,0,0,0,0,1
186627237,242920,Banished,colony,1,0,0,0,0,0,0,0,0,0,0,0,0,0,0,0,0,1
185896685,242920,Banished,colony,1,0,0,0,0,0,0,0,0,0,0,0,0,0,0,0,1,0
185814836,242920,Banished,colony,1,0,0,0,0,0,0,0,0,0,0,0,0,0,0,0,0,1
184978776,242920,Banished,colony,2,1,0,0,0,0,0,0,0,0,0,0,0,0,0,1,0,0
184670624,242920,Banished,colony,1,0,0,0,0,0,0,0,0,0,0,0,0,0,1,0,0,0
184378066,242920,Banished,colony,1,0,0,0,0,0,0,0,0,0,0,0,0,0,0,0,0,1
184324295,242920,Banished,colony,5,1,1,0,0,1,1,0,0,0,0,0,1,0,0,0,0,0
184169772,242920,Banished,colony,1,0,0,0,0,0,0,0,0,0,0,0,0,0,0,0,0,1
183858728,242920,Banished,colony,1,0,1,0,0,0,0,0,0,0,0,0,0,0,0,0,0,0
183720791,242920,Banished,colony,5,0,1,1,0,0,1,0,0,1,0,0,0,0,1,0,0,0
231566733,1029780,Going Medieval,colony,2,0,0,0,0,0,1,0,0,0,0,0,0,0,1,0,0,0
230804281,1029780,Going Medieval,colony,4,0,1,0,0,0,0,0,0,1,1,0,1,0,0,0,0,0
230788837,1029780,Going Medieval,colony,2,0,0,0,0,0,0,0,0,0,1,0,0,1,0,0,0,0
230176045,1029780,Going Medieval,colony,1,0,0,0,0,0,0,0,0,0,0,0,0,0,0,0,0,1
229579991,1029780,Going Medieval,colony,1,0,1,0,0,0,0,0,0,0,0,0,0,0,0,0,0,0
229012246,1029780,Going Medieval,colony,1,0,0,0,0,0,0,0,0,0,0,0,0,1,0,0,0,0
228858821,1029780,Going Medieval,colony,1,0,0,0,0,0,0,0,0,0,0,0,0,0,0,0,1,0
228845829,1029780,Going Medieval,colony,1,0,0,0,0,0,0,0,0,0,0,0,0,0,0,0,0,1
228799191,1029780,Going Medieval,colony,1,0,0,0,0,0,0,0,0,0,1,0,0,0,0,0,0,0
228797474,1029780,Going Medieval,colony,4,0,0,0,1,1,0,0,0,0,1,0,0,0,0,1,0,0
228630591,1029780,Going Medieval,colony,3,0,1,0,0,1,0,0,0,0,0,0,0,0,0,1,0,0
228574175,1029780,Going Medieval,colony,1,0,0,0,0,0,0,0,0,0,1,0,0,0,0,0,0,0
228370206,1029780,Going Medieval,colony,1,0,0,0,0,1,0,0,0,0,0,0,0,0,0,0,0,0
228229700,1029780,Going Medieval,colony,2,0,0,0,0,1,0,0,0,1,0,0,0,0,0,0,0,0
228204950,1029780,Going Medieval,colony,1,0,0,0,0,0,0,0,0,0,0,0,0,0,0,0,0,1
228135987,1029780,Going Medieval,colony,1,0,1,0,0,0,0,0,0,0,0,0,0,0,0,0,0,0
228079059,1029780,Going Medieval,colony,2,0,0,0,0,0,0,0,0,0,1,0,1,0,0,0,0,0
227756357,1029780,Going Medieval,colony,1,1,0,0,0,0,0,0,0,0,0,0,0,0,0,0,0,0
227368209,1029780,Going Medieval,colony,2,0,1,0,0,1,0,0,0,0,0,0,0,0,0,0,0,0
227297405,1029780,Going Medieval,colony,1,0,0,0,0,1,0,0,0,0,0,0,0,0,0,0,0,0
227237768,1029780,Going Medieval,colony,1,0,0,0,0,1,0,0,0,0,0,0,0,0,0,0,0,0
227202907,1029780,Going Medieval,colony,2,0,1,0,0,0,0,0,0,1,0,0,0,0,0,0,0,0
226949615,1029780,Going Medieval,colony,1,0,0,0,0,0,0,0,0,0,0,0,0,0,0,0,0,1
226839023,1029780,Going Medieval,colony,1,0,0,0,0,0,0,0,0,1,0,0,0,0,0,0,0,0
226639598,1029780,Going Medieval,colony,1,0,0,0,0,0,0,0,0,0,0,0,0,0,0,0,0,1
226634765,1029780,Going Medieval,colony,1,0,0,0,0,0,0,1,0,0,0,0,0,0,0,0,0,0
226439226,1029780,Going Medieval,colony,1,0,0,0,0,0,0,0,0,0,0,0,0,0,1,0,0,0
226414733,1029780,Going Medieval,colony,1,0,0,0,0,0,0,0,0,0,0,0,0,0,0,0,0,1
226400293,1029780,Going Medieval,colony,2,1,0,0,0,0,0,0,0,0,0,0,0,0,1,0,0,0
226034393,1029780,Going Medieval,colony,1,0,0,0,0,0,0,0,0,0,0,0,0,0,0,0,0,1
225901086,1029780,Going Medieval,colony,6,1,1,0,0,1,0,0,0,1,0,0,1,0,1,0,0,0
225878999,1029780,Going Medieval,colony,1,0,0,0,0,0,0,0,0,0,0,0,0,0,0,0,0,1
225734174,1029780,Going Medieval,colony,1,0,0,0,0,0,0,0,0,0,0,0,0,0,0,1,0,0
225635154,1029780,Going Medieval,colony,4,0,0,0,1,0,1,0,0,0,1,0,0,1,0,0,0,0
225627891,1029780,Going Medieval,colony,4,1,0,0,0,0,0,0,0,1,0,0,0,0,1,1,0,0
225336913,1029780,Going Medieval,colony,1,0,0,0,0,0,0,0,0,0,0,0,0,0,0,0,0,1
225309509,1029780,Going Medieval,colony,3,0,0,0,1,1,0,0,0,0,0,0,0,0,1,0,0,0
225253032,1029780,Going Medieval,colony,1,0,0,0,0,1,0,0,0,0,0,0,0,0,0,0,0,0
225193532,1029780,Going Medieval,colony,2,0,0,0,0,1,0,0,0,0,0,0,0,1,0,0,0,0
224856143,1029780,Going Medieval,colony,1,0,0,0,0,0,0,0,0,0,0,0,0,0,0,0,0,1
224844371,1029780,Going Medieval,colony,2,1,0,0,0,1,0,0,0,0,0,0,0,0,0,0,0,0
224763526,1029780,Going Medieval,colony,3,1,0,0,0,0,0,0,0,0,1,0,0,0,1,0,0,0
224670377,1029780,Going Medieval,colony,1,0,0,0,0,0,0,0,0,0,0,0,0,0,0,0,0,1
224627081,1029780,Going Medieval,colony,3,0,0,0,0,1,0,0,0,0,0,0,1,0,1,0,0,0
224601996,1029780,Going Medieval,colony,5,1,0,1,1,1,1,0,0,0,0,0,0,0,0,0,0,0
224414823,1029780,Going Medieval,colony,2,0,1,0,0,0,0,0,0,0,1,0,0,0,0,0,0,0
224393649,1029780,Going Medieval,colony,2,0,1,0,0,0,0,1,0,0,0,0,0,0,0,0,0,0
224303758,1029780,Going Medieval,colony,1,0,0,0,0,0,0,0,0,0,0,0,0,0,0,0,0,1
224197261,1029780,Going Medieval,colony,1,0,0,0,0,0,0,0,0,0,0,0,0,0,0,0,0,1
224195147,1029780,Going Medieval,colony,1,1,0,0,0,0,0,0,0,0,0,0,0,0,0,0,0,0
224091476,1029780,Going Medieval,colony,1,0,0,0,0,0,0,0,0,0,0,0,0,0,0,0,0,1
224012591,1029780,Going Medieval,colony,3,0,0,0,1,0,0,0,0,0,1,0,1,0,0,0,0,0
224005887,1029780,Going Medieval,colony,1,0,0,0,0,1,0,0,0,0,0,0,0,0,0,0,0,0
223974576,1029780,Going Medieval,colony,1,0,0,0,0,0,0,0,0,0,0,0,0,0,0,0,1,0
223912300,1029780,Going Medieval,colony,2,0,0,0,0,0,0,0,0,0,1,0,1,0,0,0,0,0
223901718,1029780,Going Medieval,colony,6,0,1,1,0,1,0,0,0,1,0,0,0,0,1,1,0,0
223892922,1029780,Going Medieval,colony,5,1,1,0,1,0,0,0,0,0,0,0,0,1,1,0,0,0
223885116,1029780,Going Medieval,colony,1,0,0,0,0,0,0,0,0,0,0,0,0,1,0,0,0,0
223620158,1029780,Going Medieval,colony,1,0,0,0,0,0,0,0,0,0,0,0,0,0,0,0,1,0
223608157,1029780,Going Medieval,colony,8,0,0,0,0,1,1,0,0,1,1,0,1,1,1,1,0,0
223569267,1029780,Going Medieval,colony,1,0,0,0,0,0,0,0,0,0,0,0,0,0,1,0,0,0
223213849,1029780,Going Medieval,colony,2,0,0,0,1,0,0,0,0,0,0,0,0,0,0,1,0,0
223201527,1029780,Going Medieval,colony,1,0,0,0,0,0,0,1,0,0,0,0,0,0,0,0,0,0
223162469,1029780,Going Medieval,colony,1,1,0,0,0,0,0,0,0,0,0,0,0,0,0,0,0,0
223126086,1029780,Going Medieval,colony,1,0,0,0,0,1,0,0,0,0,0,0,0,0,0,0,0,0
223053943,1029780,Going Medieval,colony,2,0,0,0,0,1,0,0,0,0,0,0,0,1,0,0,0,0
222967431,1029780,Going Medieval,colony,2,1,0,0,0,0,0,0,0,0,0,0,1,0,0,0,0,0
222862461,1029780,Going Medieval,colony,1,0,0,0,0,0,0,0,0,0,1,0,0,0,0,0,0,0
222843937,1029780,Going Medieval,colony,4,1,0,0,0,1,0,0,0,1,0,0,0,0,1,0,0,0
222838863,1029780,Going Medieval,colony,1,0,0,0,0,0,0,1,0,0,0,0,0,0,0,0,0,0
222819282,1029780,Going Medieval,colony,1,1,0,0,0,0,0,0,0,0,0,0,0,0,0,0,0,0
222808816,1029780,Going Medieval,colony,4,1,1,0,0,1,0,0,0,0,0,0,0,0,1,0,0,0
222749556,1029780,Going Medieval,colony,1,0,1,0,0,0,0,0,0,0,0,0,0,0,0,0,0,0
222705868,1029780,Going Medieval,colony,4,1,1,0,0,1,0,0,0,1,0,0,0,0,0,0,0,0
222690052,1029780,Going Medieval,colony,1,0,0,0,0,0,0,0,0,0,0,0,0,0,0,0,0,1
222680144,1029780,Going Medieval,colony,5,1,1,0,1,1,0,0,0,0,0,0,0,0,0,1,0,0
222657344,1029780,Going Medieval,colony,3,0,1,1,0,1,0,0,0,0,0,0,0,0,0,0,0,0
222653562,1029780,Going Medieval,colony,1,1,0,0,0,0,0,0,0,0,0,0,0,0,0,0,0,0
222583650,1029780,Going Medieval,colony,5,1,1,0,1,1,0,0,0,0,0,0,0,0,0,1,0,0
222504884,1029780,Going Medieval,colony,1,0,0,0,0,0,0,0,0,0,0,0,0,0,0,0,0,1
222500667,1029780,Going Medieval,colony,3,0,1,0,0,1,0,0,0,0,0,0,0,0,0,1,0,0
222462671,1029780,Going Medieval,colony,2,0,0,0,0,0,0,0,0,1,0,0,0,0,1,0,0,0
222462352,1029780,Going Medieval,colony,1,1,0,0,0,0,0,0,0,0,0,0,0,0,0,0,0,0
222452936,1029780,Going Medieval,colony,1,0,0,0,0,0,0,0,0,0,0,0,0,0,1,0,0,0
222417223,1029780,Going Medieval,colony,1,0,0,0,0,1,0,0,0,0,0,0,0,0,0,0,0,0
222404278,1029780,Going Medieval,colony,2,0,1,0,0,0,0,0,0,0,0,0,0,0,1,0,0,0
222362484,1029780,Going Medieval,colony,1,0,0,0,0,0,0,0,0,0,0,0,0,0,0,0,0,1
222312586,1029780,Going Medieval,colony,1,0,0,0,0,0,0,0,0,0,0,0,0,0,0,0,0,1
222231620,1029780,Going Medieval,colony,1,0,0,0,0,0,0,0,0,0,0,0,0,0,0,0,0,1
222225638,1029780,Going Medieval,colony,1,0,0,0,0,0,0,0,0,0,0,0,0,0,0,0,0,1
222159999,1029780,Going Medieval,colony,2,1,0,0,0,0,0,0,0,0,0,0,0,0,1,0,0,0
222142049,1029780,Going Medieval,colony,2,0,0,0,0,0,0,0,0,0,0,0,1,0,1,0,0,0
222127754,1029780,Going Medieval,colony,1,0,0,0,0,0,0,0,0,0,1,0,0,0,0,0,0,0
222119500,1029780,Going Medieval,colony,1,0,0,0,0,0,0,0,0,0,0,0,0,0,0,0,0,1
222109724,1029780,Going Medieval,colony,2,1,0,0,0,1,0,0,0,0,0,0,0,0,0,0,0,0
222108388,1029780,Going Medieval,colony,1,0,0,0,0,0,0,0,0,0,0,0,0,0,0,0,0,1
222089864,1029780,Going Medieval,colony,1,0,0,0,0,0,0,0,0,0,0,0,0,1,0,0,0,0
222080155,1029780,Going Medieval,colony,6,1,1,1,0,1,0,0,0,1,0,0,1,0,0,0,0,0
222066398,1029780,Going Medieval,colony,1,0,0,0,0,0,0,0,0,0,0,0,0,0,0,0,0,1
222041946,1029780,Going Medieval,colony,1,0,0,0,0,1,0,0,0,0,0,0,0,0,0,0,0,0
222009264,1029780,Going Medieval,colony,2,1,0,0,0,0,0,0,0,0,0,0,0,0,1,0,0,0
221966971,1029780,Going Medieval,colony,3,0,0,0,0,0,0,0,0,0,1,0,0,1,1,0,0,0
221948680,1029780,Going Medieval,colony,4,1,1,0,0,1,0,0,0,0,0,0,1,0,0,0,0,0
221945675,1029780,Going Medieval,colony,1,0,0,0,0,0,0,0,0,0,0,0,1,0,0,0,0,0
221938108,1029780,Going Medieval,colony,1,1,0,0,0,0,0,0,0,0,0,0,0,0,0,0,0,0
221913354,1029780,Going Medieval,colony,3,0,1,0,0,1,0,0,0,0,0,0,0,0,1,0,0,0
221850842,1029780,Going Medieval,colony,1,0,0,0,0,0,0,0,0,0,0,0,0,0,1,0,0,0
221844167,1029780,Going Medieval,colony,3,1,1,0,0,0,0,0,0,0,0,0,0,0,1,0,0,0
221827190,1029780,Going Medieval,colony,1,0,0,0,0,0,0,0,0,0,0,0,0,0,0,0,0,1
221812175,1029780,Going Medieval,colony,2,0,1,0,0,1,0,0,0,0,0,0,0,0,0,0,0,0
221771260,1029780,Going Medieval,colony,1,0,0,0,0,0,0,0,0,0,1,0,0,0,0,0,0,0
221762407,1029780,Going Medieval,colony,1,1,0,0,0,0,0,0,0,0,0,0,0,0,0,0,0,0
221755976,1029780,Going Medieval,colony,1,0,0,0,0,0,0,0,0,0,0,0,0,0,0,0,1,0
221733212,1029780,Going Medieval,colony,1,0,0,0,0,0,0,0,0,0,0,0,0,0,0,0,0,1
221724195,1029780,Going Medieval,colony,2,0,0,0,0,0,0,0,1,0,0,0,0,1,0,0,0,0
221707265,1029780,Going Medieval,colony,3,1,0,0,0,1,0,0,0,0,0,0,1,0,0,0,0,0
221633580,1029780,Going Medieval,colony,1,0,0,0,0,0,0,0,0,0,0,0,0,0,0,0,0,1
221568918,1029780,Going Medieval,colony,8,1,1,0,1,1,0,0,0,0,1,0,1,1,1,0,0,0
221557797,1029780,Going Medieval,colony,3,1,0,0,0,1,0,0,0,0,0,0,0,0,1,0,0,0
221544953,1029780,Going Medieval,colony,3,0,0,0,1,0,0,0,0,0,1,0,0,0,1,0,0,0
221542763,1029780,Going Medieval,colony,1,0,0,0,0,0,0,0,0,0,0,0,0,0,0,0,0,1
221525521,1029780,Going Medieval,colony,5,1,1,0,0,1,0,0,0,0,0,0,0,0,1,1,0,0
221512790,1029780,Going Medieval,colony,2,0,0,0,0,1,0,0,0,1,0,0,0,0,0,0,0,0
221503832,1029780,Going Medieval,colony,2,0,0,0,0,0,0,0,0,0,1,0,0,0,1,0,0,0
221479550,1029780,Going Medieval,colony,1,1,0,0,0,0,0,0,0,0,0,0,0,0,0,0,0,0
221458806,1029780,Going Medieval,colony,1,0,0,0,0,1,0,0,0,0,0,0,0,0,0,0,0,0
221450757,1029780,Going Medieval,colony,1,0,0,0,0,0,0,0,0,0,0,0,0,1,0,0,0,0
221445643,1029780,Going Medieval,colony,1,0,0,0,0,0,0,0,0,0,0,0,0,0,0,0,1,0
221428497,1029780,Going Medieval,colony,2,1,1,0,0,0,0,0,0,0,0,0,0,0,0,0,0,0
221402520,1029780,Going Medieval,colony,3,0,0,0,0,0,0,0,0,0,0,0,1,1,1,0,0,0
221348547,1029780,Going Medieval,colony,3,0,1,0,0,1,0,0,0,0,0,0,0,1,0,0,0,0
221338171,1029780,Going Medieval,colony,1,1,0,0,0,0,0,0,0,0,0,0,0,0,0,0,0,0
221335367,1029780,Going Medieval,colony,1,0,0,0,0,0,0,0,0,0,0,0,0,0,0,0,0,1
221323157,1029780,Going Medieval,colony,1,0,0,0,0,0,0,0,0,0,0,0,0,0,0,0,0,1
221305857,1029780,Going Medieval,colony,2,1,0,0,0,1,0,0,0,0,0,0,0,0,0,0,0,0
221304484,1029780,Going Medieval,colony,1,1,0,0,0,0,0,0,0,0,0,0,0,0,0,0,0,0
221301312,1029780,Going Medieval,colony,1,0,0,0,0,1,0,0,0,0,0,0,0,0,0,0,0,0
221293366,1029780,Going Medieval,colony,2,1,0,0,0,1,0,0,0,0,0,0,0,0,0,0,0,0
221284272,1029780,Going Medieval,colony,2,0,0,0,0,0,0,0,0,0,1,0,0,1,0,0,0,0
221278940,1029780,Going Medieval,colony,6,0,0,1,0,1,0,0,0,1,0,0,1,1,1,0,0,0
221273001,1029780,Going Medieval,colony,1,0,0,0,0,0,0,0,0,0,0,0,0,0,0,0,0,1
221272083,1029780,Going Medieval,colony,1,0,0,0,0,0,0,0,0,0,0,0,0,1,0,0,0,0
221269678,1029780,Going Medieval,colony,3,0,1,0,0,0,1,0,0,0,1,0,0,0,0,0,0,0
221235968,1029780,Going Medieval,colony,7,0,1,0,1,1,1,0,0,0,0,0,1,1,1,0,0,0
221218853,1029780,Going Medieval,colony,1,0,0,0,0,0,0,0,0,0,0,0,0,0,1,0,0,0
221204085,1029780,Going Medieval,colony,2,0,1,0,0,0,0,0,0,0,1,0,0,0,0,0,0,0
221150070,1029780,Going Medieval,colony,4,1,1,0,0,1,0,0,0,1,0,0,0,0,0,0,0,0
221119968,1029780,Going Medieval,colony,1,0,0,0,0,0,0,0,0,0,0,0,0,0,0,0,0,1
221113468,1029780,Going Medieval,colony,1,1,0,0,0,0,0,0,0,0,0,0,0,0,0,0,0,0
221087313,1029780,Going Medieval,colony,3,0,0,0,1,0,0,0,0,0,1,0,0,0,1,0,0,0
221085874,1029780,Going Medieval,colony,2,1,0,0,0,1,0,0,0,0,0,0,0,0,0,0,0,0
221083732,1029780,Going Medieval,colony,3,0,0,0,0,0,1,0,0,0,0,0,0,1,1,0,0,0
221079283,1029780,Going Medieval,colony,1,0,0,0,0,0,0,0,0,0,0,0,0,0,0,0,0,1
221020546,1029780,Going Medieval,colony,4,0,0,0,0,1,0,0,0,0,0,0,0,1,1,1,0,0
221011912,1029780,Going Medieval,colony,1,0,0,0,1,0,0,0,0,0,0,0,0,0,0,0,0,0
221010081,1029780,Going Medieval,colony,1,0,0,0,0,0,0,0,0,0,0,0,0,0,0,0,1,0
220995867,1029780,Going Medieval,colony,1,0,0,0,0,0,0,0,0,0,0,0,0,0,0,0,0,1
220979083,1029780,Going Medieval,colony,3,0,1,0,0,1,0,0,0,0,0,0,0,0,1,0,0,0
220968276,1029780,Going Medieval,colony,1,0,0,0,0,0,0,0,0,0,0,0,0,0,0,0,0,1
220963524,1029780,Going Medieval,colony,1,0,0,0,0,0,0,0,0,0,0,0,0,0,0,0,0,1
220960089,1029780,Going Medieval,colony,2,0,0,0,0,1,0,0,0,0,0,0,0,0,0,1,0,0
220953199,1029780,Going Medieval,colony,1,0,0,0,1,0,0,0,0,0,0,0,0,0,0,0,0,0
220950831,1029780,Going Medieval,colony,2,0,0,0,1,0,0,0,0,0,0,0,0,1,0,0,0,0
220921059,1029780,Going Medieval,colony,4,1,1,0,0,1,0,0,0,0,0,0,1,0,0,0,0,0
220914257,1029780,Going Medieval,colony,1,0,0,0,0,0,1,0,0,0,0,0,0,0,0,0,0,0
220881071,1029780,Going Medieval,colony,2,0,1,0,0,0,0,0,0,0,0,0,1,0,0,0,0,0
220803158,1029780,Going Medieval,colony,2,0,1,0,0,1,0,0,0,0,0,0,0,0,0,0,0,0
220778839,1029780,Going Medieval,colony,4,1,1,0,0,1,0,0,0,0,0,0,0,0,1,0,0,0
220631330,1029780,Going Medieval,colony,3,0,1,0,1,1,0,0,0,0,0,0,0,0,0,0,0,0
220513288,1029780,Going Medieval,colony,1,0,0,0,0,0,0,0,0,0,0,0,0,0,0,0,0,1
220166237,1029780,Going Medieval,colony,1,0,0,0,0,0,0,1,0,0,0,0,0,0,0,0,0,0
220156593,1029780,Going Medieval,colony,3,0,1,0,0,0,0,0,0,0,0,0,1,0,1,0,0,0
220021937,1029780,Going Medieval,colony,1,0,0,0,0,0,0,0,0,0,0,0,0,0,0,0,0,1
219910491,1029780,Going Medieval,colony,3,1,0,0,1,0,0,1,0,0,0,0,0,0,0,0,0,0
219883155,1029780,Going Medieval,colony,1,0,0,0,0,1,0,0,0,0,0,0,0,0,0,0,0,0
219705500,1029780,Going Medieval,colony,3,0,1,0,0,1,0,0,0,0,0,0,0,0,0,1,0,0
219670415,1029780,Going Medieval,colony,2,1,0,0,0,0,0,0,0,0,0,0,0,0,0,1,0,0
219288912,1029780,Going Medieval,colony,2,1,0,0,0,1,0,0,0,0,0,0,0,0,0,0,0,0
219234384,1029780,Going Medieval,colony,1,0,0,0,0,0,0,0,0,0,0,0,0,0,0,0,1,0
219171362,1029780,Going Medieval,colony,3,1,1,0,0,0,0,1,0,0,0,0,0,0,0,0,0,0
219017806,1029780,Going Medieval,colony,2,0,1,0,0,0,0,0,0,0,0,0,0,0,0,1,0,0
218717300,1029780,Going Medieval,colony,2,0,0,0,0,1,0,0,0,1,0,0,0,0,0,0,0,0
218568468,1029780,Going Medieval,colony,7,1,1,0,0,1,0,0,0,1,1,0,1,0,1,0,0,0
218059177,1029780,Going Medieval,colony,1,0,0,0,0,0,0,0,0,0,0,0,0,0,0,0,0,1
217988788,1029780,Going Medieval,colony,1,1,0,0,0,0,0,0,0,0,0,0,0,0,0,0,0,0
217597477,1029780,Going Medieval,colony,3,0,0,0,0,1,0,0,0,0,0,0,1,1,0,0,0,0
217484123,1029780,Going Medieval,colony,4,1,1,0,0,0,1,1,0,0,0,0,0,0,0,0,0,0
216371953,1029780,Going Medieval,colony,2,1,0,0,0,1,0,0,0,0,0,0,0,0,0,0,0,0
215973279,1029780,Going Medieval,colony,5,0,1,0,0,1,0,0,0,0,0,0,1,0,1,1,0,0
215725052,1029780,Going Medieval,colony,4,0,0,0,0,1,0,1,0,0,0,0,1,1,0,0,0,0
215205052,1029780,Going Medieval,colony,1,0,0,0,0,0,0,0,0,0,0,0,0,0,0,0,0,1
215040831,1029780,Going Medieval,colony,4,0,1,0,0,1,0,0,0,1,0,0,1,0,0,0,0,0
214592214,1029780,Going Medieval,colony,3,0,0,0,0,1,0,0,0,0,0,0,1,1,0,0,0,0
214244614,1029780,Going Medieval,colony,1,0,0,0,0,1,0,0,0,0,0,0,0,0,0,0,0,0
213992542,1029780,Going Medieval,colony,1,0,0,0,0,0,0,0,0,0,0,0,0,0,0,0,1,0
213221098,1029780,Going Medieval,colony,1,0,0,0,0,0,0,0,0,0,0,0,0,0,0,0,0,1
211830537,1029780,Going Medieval,colony,2,1,0,0,0,1,0,0,0,0,0,0,0,0,0,0,0,0
209737375,1029780,Going Medieval,colony,3,0,0,0,0,0,0,1,0,0,0,0,0,0,1,1,0,0
209677359,1029780,Going Medieval,colony,2,0,0,0,0,1,0,0,0,0,0,0,0,1,0,0,0,0
209651827,1029780,Going Medieval,colony,1,0,0,0,0,0,0,0,0,0,0,0,0,0,0,0,0,1
209494827,1029780,Going Medieval,colony,1,0,0,0,0,0,0,0,0,0,0,0,0,0,0,0,0,1
209306164,1029780,Going Medieval,colony,2,0,0,0,0,0,0,0,0,0,0,0,0,1,0,1,0,0
209264122,1029780,Going Medieval,colony,1,0,0,0,0,0,0,0,0,0,0,0,0,0,0,0,1,0
207950479,1029780,Going Medieval,colony,1,0,0,0,0,0,0,0,0,0,0,0,0,0,0,0,0,1
207573312,1029780,Going Medieval,colony,2,0,0,0,0,1,0,0,0,0,0,0,0,1,0,0,0,0
207280926,1029780,Going Medieval,colony,1,0,0,0,0,0,0,0,0,0,1,0,0,0,0,0,0,0
207240200,1029780,Going Medieval,colony,3,1,0,0,0,1,0,0,0,0,0,0,0,0,1,0,0,0
207203821,1029780,Going Medieval,colony,3,1,0,0,0,1,0,0,0,0,0,0,0,0,1,0,0,0
206564664,1029780,Going Medieval,colony,3,1,0,0,0,0,1,0,0,0,0,0,1,0,0,0,0,0
206249759,1029780,Going Medieval,colony,1,0,1,0,0,0,0,0,0,0,0,0,0,0,0,0,0,0
205257256,1029780,Going Medieval,colony,2,0,0,0,0,0,0,0,0,0,1,0,0,0,1,0,0,0
204996657,1029780,Going Medieval,colony,3,0,1,0,0,1,0,0,0,0,0,0,1,0,0,0,0,0
204933775,1029780,Going Medieval,colony,1,0,0,0,0,0,0,0,0,0,0,0,0,0,1,0,0,0
204710452,1029780,Going Medieval,colony,1,0,0,0,0,0,0,0,0,0,0,0,0,0,1,0,0,0
204360181,1029780,Going Medieval,colony,1,0,0,0,0,0,0,0,0,0,0,0,0,0,0,0,0,1
203709800,1029780,Going Medieval,colony,3,1,1,0,0,0,0,0,0,0,0,0,0,0,0,1,0,0
203430993,1029780,Going Medieval,colony,1,0,0,0,0,0,0,0,0,0,0,0,0,0,0,0,0,1
203357111,1029780,Going Medieval,colony,1,0,0,0,0,0,0,0,0,0,0,0,0,1,0,0,0,0
203328691,1029780,Going Medieval,colony,1,0,0,0,0,0,0,0,0,0,0,0,0,0,0,1,0,0
203067124,1029780,Going Medieval,colony,1,0,0,0,0,0,0,0,0,0,0,0,0,0,0,0,0,1
203003075,1029780,Going Medieval,colony,4,0,1,0,0,1,0,0,0,0,0,0,1,0,1,0,0,0
202834444,1029780,Going Medieval,colony,1,0,0,0,0,0,0,0,0,0,0,0,0,0,0,0,0,1
202532582,1029780,Going Medieval,colony,1,1,0,0,0,0,0,0,0,0,0,0,0,0,0,0,0,0
202315358,1029780,Going Medieval,colony,1,0,0,0,0,0,0,0,0,0,0,0,0,0,0,1,0,0
202268683,1029780,Going Medieval,colony,1,0,1,0,0,0,0,0,0,0,0,0,0,0,0,0,0,0
202261793,1029780,Going Medieval,colony,1,0,0,0,0,0,0,0,0,0,0,0,0,0,0,0,1,0
202245553,1029780,Going Medieval,colony,1,0,0,0,0,0,0,0,0,0,0,0,0,0,0,0,0,1
202007515,1029780,Going Medieval,colony,1,0,0,0,0,0,0,0,0,0,0,0,1,0,0,0,0,0
201922229,1029780,Going Medieval,colony,2,1,0,0,0,1,0,0,0,0,0,0,0,0,0,0,0,0
201852593,1029780,Going Medieval,colony,1,0,0,0,0,0,0,0,0,0,0,0,1,0,0,0,0,0
201847009,1029780,Going Medieval,colony,1,0,0,0,0,0,0,0,0,0,0,0,0,0,0,0,1,0
231816216,1158310,Crusader Kings III,grand,3,0,1,0,1,0,0,0,0,0,0,0,1,0,0,0,0,0
231797390,1158310,Crusader Kings III,grand,1,0,0,0,0,0,0,0,0,0,0,0,0,0,0,1,0,0
231791483,1158310,Crusader Kings III,grand,1,0,0,0,0,0,0,0,0,0,0,1,0,0,0,0,0,0
231709868,1158310,Crusader Kings III,grand,1,0,0,0,0,0,0,0,0,0,0,0,0,0,0,1,0,0
231648954,1158310,Crusader Kings III,grand,3,0,1,0,1,0,0,0,0,0,0,0,0,0,1,0,0,0
231559677,1158310,Crusader Kings III,grand,2,1,0,0,1,0,0,0,0,0,0,0,0,0,0,0,0,0
231370205,1158310,Crusader Kings III,grand,1,0,0,0,0,0,0,0,0,0,0,0,0,0,0,0,1,0
231329942,1158310,Crusader Kings III,grand,1,1,0,0,0,0,0,0,0,0,0,0,0,0,0,0,0,0
231303948,1158310,Crusader Kings III,grand,1,0,0,0,0,0,0,0,0,0,0,0,0,0,0,0,0,1
231293702,1158310,Crusader Kings III,grand,1,0,0,0,0,0,0,0,0,0,0,0,0,0,0,0,0,1
231259894,1158310,Crusader Kings III,grand,1,0,0,0,1,0,0,0,0,0,0,0,0,0,0,0,0,0
231202992,1158310,Crusader Kings III,grand,3,0,1,0,0,1,0,0,0,0,0,0,0,1,0,0,0,0
231187028,1158310,Crusader Kings III,grand,1,0,0,0,0,0,1,0,0,0,0,0,0,0,0,0,0,0
231148122,1158310,Crusader Kings III,grand,1,1,0,0,0,0,0,0,0,0,0,0,0,0,0,0,0,0
231063341,1158310,Crusader Kings III,grand,1,0,0,0,0,1,0,0,0,0,0,0,0,0,0,0,0,0
231063152,1158310,Crusader Kings III,grand,1,1,0,0,0,0,0,0,0,0,0,0,0,0,0,0,0,0
231008766,1158310,Crusader Kings III,grand,1,1,0,0,0,0,0,0,0,0,0,0,0,0,0,0,0,0
230981295,1158310,Crusader Kings III,grand,1,1,0,0,0,0,0,0,0,0,0,0,0,0,0,0,0,0
230969067,1158310,Crusader Kings III,grand,4,0,0,1,0,0,1,0,0,0,1,0,1,0,0,0,0,0
230951011,1158310,Crusader Kings III,grand,1,0,0,0,0,0,0,0,0,0,0,0,0,0,0,0,0,1
230949925,1158310,Crusader Kings III,grand,1,0,0,0,0,1,0,0,0,0,0,0,0,0,0,0,0,0
230928788,1158310,Crusader Kings III,grand,1,0,0,0,0,0,0,0,0,0,0,0,0,0,0,1,0,0
230924061,1158310,Crusader Kings III,grand,1,0,0,0,1,0,0,0,0,0,0,0,0,0,0,0,0,0
230923188,1158310,Crusader Kings III,grand,1,0,0,0,0,0,0,0,0,0,0,0,0,0,0,0,0,1
230890648,1158310,Crusader Kings III,grand,2,0,1,0,1,0,0,0,0,0,0,0,0,0,0,0,0,0
230866760,1158310,Crusader Kings III,grand,1,0,0,0,1,0,0,0,0,0,0,0,0,0,0,0,0,0
230864680,1158310,Crusader Kings III,grand,1,0,0,0,1,0,0,0,0,0,0,0,0,0,0,0,0,0
230843718,1158310,Crusader Kings III,grand,3,1,0,0,0,1,0,0,0,1,0,0,0,0,0,0,0,0
230843013,1158310,Crusader Kings III,grand,1,0,0,0,0,0,0,0,0,0,0,0,0,0,0,0,1,0
230827221,1158310,Crusader Kings III,grand,1,1,0,0,0,0,0,0,0,0,0,0,0,0,0,0,0,0
230722861,1158310,Crusader Kings III,grand,1,1,0,0,0,0,0,0,0,0,0,0,0,0,0,0,0,0
230687663,1158310,Crusader Kings III,grand,2,0,1,0,1,0,0,0,0,0,0,0,0,0,0,0,0,0
230578649,1158310,Crusader Kings III,grand,3,0,1,0,1,0,0,0,0,0,0,0,0,0,0,1,0,0
230516606,1158310,Crusader Kings III,grand,2,0,0,0,1,1,0,0,0,0,0,0,0,0,0,0,0,0
230501188,1158310,Crusader Kings III,grand,2,0,0,0,0,0,0,0,0,0,0,0,1,1,0,0,0,0
230478558,1158310,Crusader Kings III,grand,1,0,0,0,0,0,0,0,0,0,0,0,0,0,0,0,0,1
230427857,1158310,Crusader Kings III,grand,2,0,1,0,0,0,0,0,0,0,0,0,0,0,0,1,0,0
230312402,1158310,Crusader Kings III,grand,4,0,0,0,0,1,0,0,0,1,0,0,0,1,0,1,0,0
230309869,1158310,Crusader Kings III,grand,1,0,0,0,1,0,0,0,0,0,0,0,0,0,0,0,0,0
230281890,1158310,Crusader Kings III,grand,2,0,0,0,0,0,0,0,0,0,0,1,1,0,0,0,0,0
230261492,1158310,Crusader Kings III,grand,2,0,0,0,0,1,0,0,0,0,0,0,0,0,0,1,0,0
230252913,1158310,Crusader Kings III,grand,2,0,0,0,0,0,0,0,0,1,0,1,0,0,0,0,0,0
230215250,1158310,Crusader Kings III,grand,5,0,1,0,1,0,0,0,0,0,0,0,1,0,1,1,0,0
230186992,1158310,Crusader Kings III,grand,1,1,0,0,0,0,0,0,0,0,0,0,0,0,0,0,0,0
230185056,1158310,Crusader Kings III,grand,1,0,0,0,0,0,0,0,0,0,0,0,0,0,0,0,0,1
230170604,1158310,Crusader Kings III,grand,1,0,0,0,1,0,0,0,0,0,0,0,0,0,0,0,0,0
230069501,1158310,Crusader Kings III,grand,1,0,1,0,0,0,0,0,0,0,0,0,0,0,0,0,0,0
230054426,1158310,Crusader Kings III,grand,1,0,0,0,0,0,0,0,0,0,0,0,0,0,0,0,1,0
230009747,1158310,Crusader Kings III,grand,2,0,1,0,1,0,0,0,0,0,0,0,0,0,0,0,0,0
229994937,1158310,Crusader Kings III,grand,1,0,0,0,1,0,0,0,0,0,0,0,0,0,0,0,0,0
229990631,1158310,Crusader Kings III,grand,2,0,1,0,1,0,0,0,0,0,0,0,0,0,0,0,0,0
229957164,1158310,Crusader Kings III,grand,1,0,0,0,0,0,0,0,0,0,0,0,1,0,0,0,0,0
229941507,1158310,Crusader Kings III,grand,4,1,1,0,0,0,0,1,0,0,0,0,0,0,0,1,0,0
229932609,1158310,Crusader Kings III,grand,1,0,0,0,0,0,0,0,0,0,0,0,0,0,0,0,1,0
229912121,1158310,Crusader Kings III,grand,1,0,0,0,1,0,0,0,0,0,0,0,0,0,0,0,0,0
229869606,1158310,Crusader Kings III,grand,1,0,0,0,0,0,0,0,0,0,0,0,0,0,0,0,1,0
229861539,1158310,Crusader Kings III,grand,5,0,1,0,0,1,0,1,0,0,1,0,1,0,0,0,0,0
229818675,1158310,Crusader Kings III,grand,1,0,0,0,0,0,0,0,0,0,1,0,0,0,0,0,0,0
229817580,1158310,Crusader Kings III,grand,1,0,0,0,0,0,0,0,0,0,0,0,0,0,0,0,0,1
229812528,1158310,Crusader Kings III,grand,1,0,0,0,0,0,0,0,0,0,0,0,0,0,0,0,0,1
229812048,1158310,Crusader Kings III,grand,1,0,0,0,0,0,1,0,0,0,0,0,0,0,0,0,0,0
229810357,1158310,Crusader Kings III,grand,1,0,0,0,0,0,0,0,0,0,0,0,0,0,0,0,0,1
229784270,1158310,Crusader Kings III,grand,1,1,0,0,0,0,0,0,0,0,0,0,0,0,0,0,0,0
229722930,1158310,Crusader Kings III,grand,2,1,0,0,0,0,0,0,0,0,0,0,0,1,0,0,0,0
229719328,1158310,Crusader Kings III,grand,1,0,0,0,0,0,0,0,0,0,0,0,0,0,0,0,1,0
229714656,1158310,Crusader Kings III,grand,3,0,1,0,0,1,1,0,0,0,0,0,0,0,0,0,0,0
229699112,1158310,Crusader Kings III,grand,4,0,0,0,0,1,1,0,0,0,0,0,1,1,0,0,0,0
229641624,1158310,Crusader Kings III,grand,1,0,0,0,0,0,0,0,0,0,0,0,0,0,0,0,1,0
229568851,1158310,Crusader Kings III,grand,2,0,0,0,0,0,0,1,0,0,0,0,0,1,0,0,0,0
229527393,1158310,Crusader Kings III,grand,1,0,0,0,0,0,0,0,0,0,0,0,0,0,0,0,0,1
229494494,1158310,Crusader Kings III,grand,2,0,1,0,1,0,0,0,0,0,0,0,0,0,0,0,0,0
229468525,1158310,Crusader Kings III,grand,1,0,0,0,0,0,0,0,0,0,0,0,0,0,0,0,1,0
229431066,1158310,Crusader Kings III,grand,2,0,0,0,0,0,1,0,0,0,0,1,0,0,0,0,0,0
229326462,1158310,Crusader Kings III,grand,1,0,0,0,0,0,0,0,0,0,0,0,0,0,0,0,0,1
229312646,1158310,Crusader Kings III,grand,1,0,0,0,0,0,0,0,0,0,0,0,0,0,0,0,0,1
229285494,1158310,Crusader Kings III,grand,1,0,0,0,0,0,0,0,0,0,0,0,0,0,0,0,1,0
229253882,1158310,Crusader Kings III,grand,4,1,1,0,1,0,0,0,0,0,0,0,0,0,0,1,0,0
229191561,1158310,Crusader Kings III,grand,1,0,0,0,0,0,0,0,0,0,0,0,0,0,0,0,0,1
229174417,1158310,Crusader Kings III,grand,1,0,0,0,0,0,0,0,0,0,0,0,0,0,0,0,0,1
229146944,1158310,Crusader Kings III,grand,2,1,0,0,1,0,0,0,0,0,0,0,0,0,0,0,0,0
229135186,1158310,Crusader Kings III,grand,1,0,0,0,0,0,0,0,0,0,0,0,0,0,0,0,1,0
229113006,1158310,Crusader Kings III,grand,1,1,0,0,0,0,0,0,0,0,0,0,0,0,0,0,0,0
229110720,1158310,Crusader Kings III,grand,2,0,0,0,1,0,0,0,0,0,0,0,0,0,0,1,0,0
229082670,1158310,Crusader Kings III,grand,2,0,1,0,0,0,0,0,0,0,0,0,0,0,0,1,0,0
229066073,1158310,Crusader Kings III,grand,3,0,0,1,0,1,0,0,0,1,0,0,0,0,0,0,0,0
229051356,1158310,Crusader Kings III,grand,1,0,0,0,0,0,0,0,0,0,0,0,0,0,0,0,0,1
229048905,1158310,Crusader Kings III,grand,2,1,0,0,0,0,0,0,0,0,0,0,1,0,0,0,0,0
229044561,1158310,Crusader Kings III,grand,1,1,0,0,0,0,0,0,0,0,0,0,0,0,0,0,0,0
228962321,1158310,Crusader Kings III,grand,2,0,0,0,0,0,0,0,0,1,0,0,0,1,0,0,0,0
228935944,1158310,Crusader Kings III,grand,1,0,0,0,0,0,0,0,0,0,0,0,0,0,0,0,1,0
228926991,1158310,Crusader Kings III,grand,2,0,0,0,1,0,0,0,0,0,0,0,1,0,0,0,0,0
228880425,1158310,Crusader Kings III,grand,2,0,1,0,1,0,0,0,0,0,0,0,0,0,0,0,0,0
228827801,1158310,Crusader Kings III,grand,1,0,0,0,0,0,0,0,0,0,0,0,0,0,0,0,0,1
228767517,1158310,Crusader Kings III,grand,2,1,0,0,0,0,0,0,0,1,0,0,0,0,0,0,0,0
228729888,1158310,Crusader Kings III,grand,1,0,0,0,0,0,0,0,0,0,0,0,0,0,0,0,1,0
228608770,1158310,Crusader Kings III,grand,3,1,1,0,1,0,0,0,0,0,0,0,0,0,0,0,0,0
228606013,1158310,Crusader Kings III,grand,2,0,1,0,0,1,0,0,0,0,0,0,0,0,0,0,0,0
228560126,1158310,Crusader Kings III,grand,5,1,1,0,1,0,0,0,0,0,0,0,0,1,0,1,0,0
228554279,1158310,Crusader Kings III,grand,3,0,1,0,0,0,0,0,0,1,0,0,0,0,0,1,0,0
228545057,1158310,Crusader Kings III,grand,1,0,0,0,1,0,0,0,0,0,0,0,0,0,0,0,0,0
228537625,1158310,Crusader Kings III,grand,4,0,1,0,1,1,0,0,0,0,0,0,0,1,0,0,0,0
228527745,1158310,Crusader Kings III,grand,1,0,0,0,0,0,0,0,0,0,0,0,0,0,0,1,0,0
228519248,1158310,Crusader Kings III,grand,1,0,0,0,0,0,0,0,0,0,0,0,0,0,0,0,0,1
228373994,1158310,Crusader Kings III,grand,2,0,1,0,1,0,0,0,0,0,0,0,0,0,0,0,0,0
228368727,1158310,Crusader Kings III,grand,7,1,1,0,1,1,0,1,0,0,0,0,0,1,0,1,0,0
228307401,1158310,Crusader Kings III,grand,1,1,0,0,0,0,0,0,0,0,0,0,0,0,0,0,0,0
228300537,1158310,Crusader Kings III,grand,2,0,1,0,0,0,0,0,0,0,0,0,0,0,0,1,0,0
228293270,1158310,Crusader Kings III,grand,1,0,0,0,0,0,0,0,0,0,0,0,0,0,0,0,1,0
228245078,1158310,Crusader Kings III,grand,1,0,0,0,1,0,0,0,0,0,0,0,0,0,0,0,0,0
228234564,1158310,Crusader Kings III,grand,1,0,0,0,1,0,0,0,0,0,0,0,0,0,0,0,0,0
228160063,1158310,Crusader Kings III,grand,3,1,1,0,0,0,0,1,0,0,0,0,0,0,0,0,0,0
228100772,1158310,Crusader Kings III,grand,1,0,0,0,0,0,0,0,0,0,0,0,0,0,0,0,0,1
228099022,1158310,Crusader Kings III,grand,1,0,0,0,1,0,0,0,0,0,0,0,0,0,0,0,0,0
227973000,1158310,Crusader Kings III,grand,1,1,0,0,0,0,0,0,0,0,0,0,0,0,0,0,0,0
227968881,1158310,Crusader Kings III,grand,1,0,0,0,0,0,0,0,0,0,0,0,0,0,0,0,0,1
227857237,1158310,Crusader Kings III,grand,2,0,1,0,0,0,0,0,0,0,0,0,0,0,0,1,0,0
227838641,1158310,Crusader Kings III,grand,3,1,1,0,0,0,0,0,0,0,0,0,0,0,0,1,0,0
227826184,1158310,Crusader Kings III,grand,2,0,1,0,1,0,0,0,0,0,0,0,0,0,0,0,0,0
227800731,1158310,Crusader Kings III,grand,1,0,1,0,0,0,0,0,0,0,0,0,0,0,0,0,0,0
227787946,1158310,Crusader Kings III,grand,2,0,0,0,1,1,0,0,0,0,0,0,0,0,0,0,0,0
227747830,1158310,Crusader Kings III,grand,1,0,0,0,0,0,0,0,0,0,0,0,0,0,0,0,0,1
227695750,1158310,Crusader Kings III,grand,2,0,0,0,0,1,0,0,0,0,0,0,0,0,0,1,0,0
227681835,1158310,Crusader Kings III,grand,1,0,0,0,0,0,1,0,0,0,0,0,0,0,0,0,0,0
227613756,1158310,Crusader Kings III,grand,1,0,0,0,0,0,0,0,0,0,0,1,0,0,0,0,0,0
227581084,1158310,Crusader Kings III,grand,5,1,1,0,1,0,0,0,0,1,0,0,0,0,0,1,0,0
227575101,1158310,Crusader Kings III,grand,2,0,0,0,1,1,0,0,0,0,0,0,0,0,0,0,0,0
227561842,1158310,Crusader Kings III,grand,3,0,0,0,0,1,0,0,0,1,1,0,0,0,0,0,0,0
227532162,1158310,Crusader Kings III,grand,2,0,1,0,0,0,0,0,0,0,0,0,0,0,0,1,0,0
227528305,1158310,Crusader Kings III,grand,1,1,0,0,0,0,0,0,0,0,0,0,0,0,0,0,0,0
227384892,1158310,Crusader Kings III,grand,1,0,1,0,0,0,0,0,0,0,0,0,0,0,0,0,0,0
227336936,1158310,Crusader Kings III,grand,6,1,1,0,1,1,0,0,0,0,0,0,1,0,0,1,0,0
227323207,1158310,Crusader Kings III,grand,1,0,0,0,0,0,0,0,0,0,0,0,0,0,0,0,0,1
227296270,1158310,Crusader Kings III,grand,1,0,0,0,0,0,0,0,0,0,0,0,0,0,0,0,0,1
227258964,1158310,Crusader Kings III,grand,1,1,0,0,0,0,0,0,0,0,0,0,0,0,0,0,0,0
227185120,1158310,Crusader Kings III,grand,4,0,1,0,1,1,0,0,0,0,0,0,0,1,0,0,0,0
227120017,1158310,Crusader Kings III,grand,1,0,0,0,0,0,0,0,0,0,0,0,0,0,0,0,0,1
227020449,1158310,Crusader Kings III,grand,1,0,0,0,0,0,0,0,0,0,0,0,0,0,0,0,0,1
227011059,1158310,Crusader Kings III,grand,1,0,0,0,0,0,0,0,0,0,0,0,0,0,0,1,0,0
226921258,1158310,Crusader Kings III,grand,1,0,0,0,0,0,0,0,0,0,0,0,0,0,0,0,0,1
226908771,1158310,Crusader Kings III,grand,1,0,0,0,1,0,0,0,0,0,0,0,0,0,0,0,0,0
226877908,1158310,Crusader Kings III,grand,1,0,0,0,0,0,0,0,0,0,0,0,0,0,0,0,1,0
226867501,1158310,Crusader Kings III,grand,1,0,0,0,0,0,0,0,0,0,0,0,1,0,0,0,0,0
226827639,1158310,Crusader Kings III,grand,1,0,0,0,0,0,0,0,0,0,0,0,0,0,0,0,0,1
226787571,1158310,Crusader Kings III,grand,1,0,0,0,0,0,0,0,0,0,0,0,0,0,0,0,0,1
226767016,1158310,Crusader Kings III,grand,3,0,1,0,1,0,0,0,0,0,0,0,0,0,0,1,0,0
226732178,1158310,Crusader Kings III,grand,3,0,1,0,1,0,0,0,0,0,0,0,0,0,0,1,0,0
226729243,1158310,Crusader Kings III,grand,1,0,0,0,0,0,0,0,0,0,0,0,0,1,0,0,0,0
226720755,1158310,Crusader Kings III,grand,2,0,1,0,0,1,0,0,0,0,0,0,0,0,0,0,0,0
226691921,1158310,Crusader Kings III,grand,1,0,0,0,0,0,0,0,0,0,0,0,0,0,0,0,0,1
226690092,1158310,Crusader Kings III,grand,1,0,0,0,0,0,0,0,0,0,0,0,0,0,0,0,1,0
226659774,1158310,Crusader Kings III,grand,2,0,1,0,1,0,0,0,0,0,0,0,0,0,0,0,0,0
226652152,1158310,Crusader Kings III,grand,3,0,0,0,1,1,0,0,0,0,0,0,1,0,0,0,0,0
226584085,1158310,Crusader Kings III,grand,1,0,0,0,0,0,0,0,0,0,1,0,0,0,0,0,0,0
226525632,1158310,Crusader Kings III,grand,1,0,0,0,0,0,0,0,0,0,0,0,0,0,0,0,0,1
226523960,1158310,Crusader Kings III,grand,3,0,1,0,1,0,0,0,0,0,0,0,0,0,1,0,0,0
226513472,1158310,Crusader Kings III,grand,1,0,0,0,1,0,0,0,0,0,0,0,0,0,0,0,0,0
226490113,1158310,Crusader Kings III,grand,6,1,1,0,1,0,0,1,0,0,1,0,0,0,1,0,0,0
226434829,1158310,Crusader Kings III,grand,1,0,0,0,1,0,0,0,0,0,0,0,0,0,0,0,0,0
226426253,1158310,Crusader Kings III,grand,8,0,1,0,1,1,0,0,0,1,1,0,1,1,1,0,0,0
231835649,236850,Europa Universalis IV,grand,2,0,1,0,0,1,0,0,0,0,0,0,0,0,0,0,0,0
231732962,236850,Europa Universalis IV,grand,1,0,0,0,0,0,0,0,0,0,0,0,0,0,0,0,1,0
231093744,236850,Europa Universalis IV,grand,1,0,0,0,0,0,0,0,0,0,0,0,0,0,0,0,0,1
231017143,236850,Europa Universalis IV,grand,1,0,0,0,0,0,0,0,0,0,0,0,0,0,0,1,0,0
230899838,236850,Europa Universalis IV,grand,1,0,0,0,0,0,0,0,0,0,0,0,0,0,0,0,1,0
230891108,236850,Europa Universalis IV,grand,2,0,1,0,1,0,0,0,0,0,0,0,0,0,0,0,0,0
230670147,236850,Europa Universalis IV,grand,3,0,0,0,0,1,1,1,0,0,0,0,0,0,0,0,0,0
230584547,236850,Europa Universalis IV,grand,1,0,0,0,0,0,0,0,0,0,0,0,0,0,0,0,0,1
230530161,236850,Europa Universalis IV,grand,1,0,0,0,0,0,0,0,0,0,0,0,0,1,0,0,0,0
230318418,236850,Europa Universalis IV,grand,3,0,0,0,1,0,0,0,0,1,1,0,0,0,0,0,0,0
230317469,236850,Europa Universalis IV,grand,2,0,0,0,0,1,0,0,0,0,0,0,1,0,0,0,0,0
230311211,236850,Europa Universalis IV,grand,2,0,1,0,1,0,0,0,0,0,0,0,0,0,0,0,0,0
230240528,236850,Europa Universalis IV,grand,2,0,1,0,0,0,0,0,0,1,0,0,0,0,0,0,0,0
230170111,236850,Europa Universalis IV,grand,1,0,0,0,1,0,0,0,0,0,0,0,0,0,0,0,0,0
229742099,236850,Europa Universalis IV,grand,1,0,0,0,0,0,0,0,0,0,0,0,0,0,0,0,0,1
229666874,236850,Europa Universalis IV,grand,1,0,0,0,1,0,0,0,0,0,0,0,0,0,0,0,0,0
229633232,236850,Europa Universalis IV,grand,1,1,0,0,0,0,0,0,0,0,0,0,0,0,0,0,0,0
229583393,236850,Europa Universalis IV,grand,1,0,0,0,0,0,0,0,0,0,0,0,0,0,0,0,1,0
229505472,236850,Europa Universalis IV,grand,6,0,1,0,1,0,1,0,0,1,0,0,0,1,0,1,0,0
229409834,236850,Europa Universalis IV,grand,1,0,1,0,0,0,0,0,0,0,0,0,0,0,0,0,0,0
228954533,236850,Europa Universalis IV,grand,1,0,0,0,0,0,0,0,0,0,0,0,0,0,0,0,1,0
228820224,236850,Europa Universalis IV,grand,1,0,0,0,0,0,0,0,0,0,0,0,0,0,0,0,1,0
228813723,236850,Europa Universalis IV,grand,1,0,0,0,0,0,1,0,0,0,0,0,0,0,0,0,0,0
228618973,236850,Europa Universalis IV,grand,3,0,1,0,0,0,0,0,0,1,0,0,1,0,0,0,0,0
228419207,236850,Europa Universalis IV,grand,1,0,0,0,0,0,0,0,0,0,0,0,0,0,0,0,0,1
228221625,236850,Europa Universalis IV,grand,1,0,0,0,0,1,0,0,0,0,0,0,0,0,0,0,0,0
228175866,236850,Europa Universalis IV,grand,1,0,0,0,1,0,0,0,0,0,0,0,0,0,0,0,0,0
228044375,236850,Europa Universalis IV,grand,1,0,0,0,0,0,0,0,0,0,0,0,0,0,0,0,0,1
227842259,236850,Europa Universalis IV,grand,1,0,0,0,0,1,0,0,0,0,0,0,0,0,0,0,0,0
227602858,236850,Europa Universalis IV,grand,1,0,0,0,0,0,0,0,0,0,0,0,0,0,0,0,0,1
227511071,236850,Europa Universalis IV,grand,1,0,0,0,0,0,0,0,0,0,0,0,0,0,0,0,0,1
227196489,236850,Europa Universalis IV,grand,1,0,0,0,0,0,0,0,0,0,0,0,0,1,0,0,0,0
227172194,236850,Europa Universalis IV,grand,1,0,0,0,0,0,0,0,0,0,0,0,0,0,0,0,0,1
227123444,236850,Europa Universalis IV,grand,1,0,1,0,0,0,0,0,0,0,0,0,0,0,0,0,0,0
227008970,236850,Europa Universalis IV,grand,1,0,0,0,0,0,0,0,0,0,0,0,0,0,0,0,0,1
226817943,236850,Europa Universalis IV,grand,1,0,0,0,0,0,0,0,0,0,0,0,0,0,0,0,0,1
226749762,236850,Europa Universalis IV,grand,1,0,0,0,0,0,0,0,0,0,0,0,0,0,0,0,0,1
226524005,236850,Europa Universalis IV,grand,1,0,0,0,1,0,0,0,0,0,0,0,0,0,0,0,0,0
226520030,236850,Europa Universalis IV,grand,1,0,0,0,1,0,0,0,0,0,0,0,0,0,0,0,0,0
226480730,236850,Europa Universalis IV,grand,1,0,0,0,0,0,0,0,0,0,0,0,0,0,0,0,1,0
226182830,236850,Europa Universalis IV,grand,1,0,0,0,0,0,0,0,0,0,0,0,0,0,0,0,0,1
226054803,236850,Europa Universalis IV,grand,1,0,0,0,0,0,0,0,0,0,0,0,0,0,0,0,0,1
225875353,236850,Europa Universalis IV,grand,2,0,0,0,1,0,1,0,0,0,0,0,0,0,0,0,0,0
225752539,236850,Europa Universalis IV,grand,1,0,0,0,0,0,0,0,0,0,0,0,0,0,0,0,0,1
225684581,236850,Europa Universalis IV,grand,1,1,0,0,0,0,0,0,0,0,0,0,0,0,0,0,0,0
225531939,236850,Europa Universalis IV,grand,1,0,0,0,0,0,0,0,0,0,0,0,0,0,0,0,0,1
225468213,236850,Europa Universalis IV,grand,1,0,0,0,0,0,0,0,0,0,0,0,0,0,0,0,0,1
225437871,236850,Europa Universalis IV,grand,1,0,0,0,0,0,0,0,0,0,0,0,0,0,0,0,0,1
225226927,236850,Europa Universalis IV,grand,1,0,0,0,0,0,0,0,0,0,0,0,0,0,0,0,0,1
225157209,236850,Europa Universalis IV,grand,1,0,0,0,0,0,1,0,0,0,0,0,0,0,0,0,0,0
225083367,236850,Europa Universalis IV,grand,1,0,0,0,0,0,0,0,0,0,0,0,0,0,0,0,0,1
225067712,236850,Europa Universalis IV,grand,1,0,0,0,0,0,0,0,0,0,0,0,0,0,0,0,0,1
224562314,236850,Europa Universalis IV,grand,1,0,0,0,0,0,1,0,0,0,0,0,0,0,0,0,0,0
224499479,236850,Europa Universalis IV,grand,6,0,0,0,1,0,1,0,0,1,1,0,0,1,0,1,0,0
224364761,236850,Europa Universalis IV,grand,2,0,0,0,0,0,0,0,0,0,1,0,1,0,0,0,0,0
224275878,236850,Europa Universalis IV,grand,3,1,0,0,1,1,0,0,0,0,0,0,0,0,0,0,0,0
224243712,236850,Europa Universalis IV,grand,1,0,0,0,0,0,0,0,0,0,0,0,0,0,0,0,1,0
224115185,236850,Europa Universalis IV,grand,1,0,0,0,0,0,0,0,0,0,0,0,0,0,0,0,1,0
224026512,236850,Europa Universalis IV,grand,3,0,0,0,1,0,1,0,0,0,0,0,0,1,0,0,0,0
223942619,236850,Europa Universalis IV,grand,2,0,0,0,1,0,0,0,0,0,1,0,0,0,0,0,0,0
223899881,236850,Europa Universalis IV,grand,2,0,1,0,0,0,0,0,0,0,0,0,0,1,0,0,0,0
223783513,236850,Europa Universalis IV,grand,2,0,1,0,1,0,0,0,0,0,0,0,0,0,0,0,0,0
223282221,236850,Europa Universalis IV,grand,1,0,0,0,0,0,0,0,0,0,0,0,0,0,0,0,0,1
223226839,236850,Europa Universalis IV,grand,1,0,0,0,0,0,0,0,0,0,0,0,0,0,0,0,1,0
223134029,236850,Europa Universalis IV,grand,1,0,0,0,0,0,0,0,0,0,0,0,0,0,0,0,1,0
223071696,236850,Europa Universalis IV,grand,1,0,0,0,1,0,0,0,0,0,0,0,0,0,0,0,0,0
223035520,236850,Europa Universalis IV,grand,1,0,0,0,0,0,0,0,0,0,1,0,0,0,0,0,0,0
223018288,236850,Europa Universalis IV,grand,1,0,1,0,0,0,0,0,0,0,0,0,0,0,0,0,0,0
222983892,236850,Europa Universalis IV,grand,1,0,0,0,0,0,0,0,0,0,0,0,0,0,0,0,0,1
222954678,236850,Europa Universalis IV,grand,1,0,0,0,0,0,0,0,0,0,0,0,0,0,0,0,0,1
222898001,236850,Europa Universalis IV,grand,1,0,0,0,0,0,0,0,0,0,0,0,0,0,0,0,0,1
222871469,236850,Europa Universalis IV,grand,1,0,1,0,0,0,0,0,0,0,0,0,0,0,0,0,0,0
222700747,236850,Europa Universalis IV,grand,2,1,0,0,0,0,0,0,0,1,0,0,0,0,0,0,0,0
222619991,236850,Europa Universalis IV,grand,1,0,0,0,0,0,0,0,0,0,0,0,0,0,0,0,0,1
222518328,236850,Europa Universalis IV,grand,3,0,1,0,1,0,0,0,0,0,0,0,0,1,0,0,0,0
222420523,236850,Europa Universalis IV,grand,1,0,0,0,0,0,0,0,0,0,0,0,0,0,0,0,1,0
222369421,236850,Europa Universalis IV,grand,1,0,0,0,0,0,0,0,0,0,0,0,0,0,0,0,1,0
222275236,236850,Europa Universalis IV,grand,1,0,0,0,0,0,0,0,0,0,0,0,0,0,0,0,1,0
222139091,236850,Europa Universalis IV,grand,1,0,0,0,0,0,0,0,0,0,1,0,0,0,0,0,0,0
222087820,236850,Europa Universalis IV,grand,1,0,0,0,0,0,0,0,0,0,0,0,0,0,0,0,1,0
221914287,236850,Europa Universalis IV,grand,1,0,0,0,0,0,0,0,0,1,0,0,0,0,0,0,0,0
221701937,236850,Europa Universalis IV,grand,2,0,1,0,0,1,0,0,0,0,0,0,0,0,0,0,0,0
221690575,236850,Europa Universalis IV,grand,1,0,0,0,0,0,0,0,0,0,0,0,0,0,0,0,1,0
221596680,236850,Europa Universalis IV,grand,2,1,1,0,0,0,0,0,0,0,0,0,0,0,0,0,0,0
221585225,236850,Europa Universalis IV,grand,1,1,0,0,0,0,0,0,0,0,0,0,0,0,0,0,0,0
221555054,236850,Europa Universalis IV,grand,1,0,0,0,0,0,0,0,0,0,0,0,0,0,0,1,0,0
221342536,236850,Europa Universalis IV,grand,1,0,0,0,0,0,0,0,0,0,0,0,0,0,0,0,0,1
221179263,236850,Europa Universalis IV,grand,1,0,1,0,0,0,0,0,0,0,0,0,0,0,0,0,0,0
221074822,236850,Europa Universalis IV,grand,2,0,0,0,1,0,0,0,0,0,0,0,0,0,0,1,0,0
221071085,236850,Europa Universalis IV,grand,1,0,0,0,0,0,0,0,0,0,0,0,0,0,0,0,1,0
220765892,236850,Europa Universalis IV,grand,1,0,0,0,0,1,0,0,0,0,0,0,0,0,0,0,0,0
220672385,236850,Europa Universalis IV,grand,2,1,1,0,0,0,0,0,0,0,0,0,0,0,0,0,0,0
220534238,236850,Europa Universalis IV,grand,2,0,1,0,1,0,0,0,0,0,0,0,0,0,0,0,0,0
220493212,236850,Europa Universalis IV,grand,1,0,0,0,1,0,0,0,0,0,0,0,0,0,0,0,0,0
220348704,236850,Europa Universalis IV,grand,1,0,0,0,0,0,0,0,0,0,0,0,0,0,0,0,1,0
220310028,236850,Europa Universalis IV,grand,1,0,0,0,1,0,0,0,0,0,0,0,0,0,0,0,0,0
219535683,236850,Europa Universalis IV,grand,1,0,0,0,0,0,0,0,0,0,0,0,0,0,0,0,1,0
219444394,236850,Europa Universalis IV,grand,1,0,0,0,0,0,0,0,0,0,0,0,0,0,0,0,1,0
219020045,236850,Europa Universalis IV,grand,1,0,0,0,0,1,0,0,0,0,0,0,0,0,0,0,0,0
218899113,236850,Europa Universalis IV,grand,7,0,1,1,1,1,0,0,0,1,0,0,1,1,0,0,0,0
218799310,236850,Europa Universalis IV,grand,1,0,0,1,0,0,0,0,0,0,0,0,0,0,0,0,0,0
218736664,236850,Europa Universalis IV,grand,1,0,0,0,0,0,0,0,0,0,0,0,0,0,0,0,1,0
218645249,236850,Europa Universalis IV,grand,1,0,0,0,1,0,0,0,0,0,0,0,0,0,0,0,0,0
218419890,236850,Europa Universalis IV,grand,1,0,0,0,0,0,0,0,0,0,0,0,0,0,0,0,1,0
217727162,236850,Europa Universalis IV,grand,1,0,0,0,0,0,0,0,0,0,0,0,0,0,0,0,0,1
217701163,236850,Europa Universalis IV,grand,1,0,0,0,0,0,0,0,0,0,0,0,0,0,0,0,1,0
217587033,236850,Europa Universalis IV,grand,1,0,0,0,0,0,0,0,0,0,0,0,0,0,0,0,1,0
217586665,236850,Europa Universalis IV,grand,1,0,0,0,0,0,0,0,0,0,0,0,0,0,0,0,1,0
217370502,236850,Europa Universalis IV,grand,2,0,1,0,1,0,0,0,0,0,0,0,0,0,0,0,0,0
217360308,236850,Europa Universalis IV,grand,1,1,0,0,0,0,0,0,0,0,0,0,0,0,0,0,0,0
217352118,236850,Europa Universalis IV,grand,2,0,1,0,1,0,0,0,0,0,0,0,0,0,0,0,0,0
217263585,236850,Europa Universalis IV,grand,1,0,0,0,0,0,0,0,0,0,0,0,0,0,0,0,0,1
217017075,236850,Europa Universalis IV,grand,1,0,0,0,0,0,0,0,0,0,0,0,0,1,0,0,0,0
216815972,236850,Europa Universalis IV,grand,3,1,1,0,0,1,0,0,0,0,0,0,0,0,0,0,0,0
216721252,236850,Europa Universalis IV,grand,2,0,0,0,0,0,1,0,0,0,0,0,0,1,0,0,0,0
216207309,236850,Europa Universalis IV,grand,1,0,0,0,0,0,0,0,0,0,1,0,0,0,0,0,0,0
215975250,236850,Europa Universalis IV,grand,1,0,0,0,0,0,0,0,0,0,0,0,0,0,0,0,1,0
215919968,236850,Europa Universalis IV,grand,1,0,0,0,0,0,0,0,0,0,0,0,0,0,0,0,0,1
215898129,236850,Europa Universalis IV,grand,1,0,0,0,0,0,0,0,0,0,0,0,0,0,0,0,1,0
215623289,236850,Europa Universalis IV,grand,2,0,0,0,0,0,0,0,0,0,1,0,0,1,0,0,0,0
215534654,236850,Europa Universalis IV,grand,1,0,0,0,0,0,0,0,0,0,0,0,0,1,0,0,0,0
215523307,236850,Europa Universalis IV,grand,1,0,0,0,0,0,0,0,0,0,0,0,0,0,0,0,0,1
215331038,236850,Europa Universalis IV,grand,1,0,0,0,0,0,0,0,0,0,0,0,0,0,0,0,1,0
215289795,236850,Europa Universalis IV,grand,1,0,0,0,0,0,0,0,0,0,0,0,0,1,0,0,0,0
215261400,236850,Europa Universalis IV,grand,1,0,1,0,0,0,0,0,0,0,0,0,0,0,0,0,0,0
215169274,236850,Europa Universalis IV,grand,1,0,0,0,0,1,0,0,0,0,0,0,0,0,0,0,0,0
214990683,236850,Europa Universalis IV,grand,1,0,0,0,0,0,0,0,0,0,1,0,0,0,0,0,0,0
214961817,236850,Europa Universalis IV,grand,1,0,0,0,0,0,0,0,0,0,1,0,0,0,0,0,0,0
214793803,236850,Europa Universalis IV,grand,1,1,0,0,0,0,0,0,0,0,0,0,0,0,0,0,0,0
214680310,236850,Europa Universalis IV,grand,2,0,1,0,1,0,0,0,0,0,0,0,0,0,0,0,0,0
214668231,236850,Europa Universalis IV,grand,4,1,0,0,0,0,1,0,0,0,1,0,0,1,0,0,0,0
214667423,236850,Europa Universalis IV,grand,1,0,0,0,0,0,0,0,0,0,0,0,0,0,0,0,0,1
214611309,236850,Europa Universalis IV,grand,1,0,0,0,0,0,0,0,0,0,0,0,0,0,0,0,0,1
214388199,236850,Europa Universalis IV,grand,1,0,0,0,0,0,0,0,0,0,0,0,0,0,0,0,1,0
214344358,236850,Europa Universalis IV,grand,1,0,0,0,0,0,0,0,0,0,0,0,0,0,0,0,0,1
214255062,236850,Europa Universalis IV,grand,1,0,0,0,0,0,0,0,0,0,0,0,0,0,0,0,0,1
214227865,236850,Europa Universalis IV,grand,1,0,0,0,1,0,0,0,0,0,0,0,0,0,0,0,0,0
214156318,236850,Europa Universalis IV,grand,2,0,0,0,0,0,1,0,0,0,0,0,0,1,0,0,0,0
214136012,236850,Europa Universalis IV,grand,1,0,0,0,0,0,1,0,0,0,0,0,0,0,0,0,0,0
213917617,236850,Europa Universalis IV,grand,2,0,1,0,1,0,0,0,0,0,0,0,0,0,0,0,0,0
213910050,236850,Europa Universalis IV,grand,4,1,1,0,1,0,0,0,0,0,0,0,0,0,0,1,0,0
213843025,236850,Europa Universalis IV,grand,1,0,0,0,0,0,0,0,0,0,0,0,0,1,0,0,0,0
213610303,236850,Europa Universalis IV,grand,2,0,0,0,1,0,0,0,0,0,1,0,0,0,0,0,0,0
213605868,236850,Europa Universalis IV,grand,1,0,1,0,0,0,0,0,0,0,0,0,0,0,0,0,0,0
213587739,236850,Europa Universalis IV,grand,1,0,0,0,0,0,0,0,0,0,0,0,0,0,0,0,0,1
213533385,236850,Europa Universalis IV,grand,1,0,0,0,0,0,0,0,0,0,0,0,0,0,0,0,0,1
231819305,529340,Victoria 3,grand,1,0,0,0,0,1,0,0,0,0,0,0,0,0,0,0,0,0
231810009,529340,Victoria 3,grand,4,0,1,0,1,1,0,0,0,0,0,0,0,0,0,1,0,0
231792274,529340,Victoria 3,grand,4,1,1,0,1,0,0,0,0,0,0,0,0,0,0,1,0,0
231721137,529340,Victoria 3,grand,1,0,0,0,0,0,0,0,0,0,0,0,0,0,0,0,0,1
231658114,529340,Victoria 3,grand,1,0,0,0,0,0,0,0,0,0,0,0,0,0,0,0,0,1
231635999,529340,Victoria 3,grand,4,1,0,0,1,1,0,0,0,0,0,0,0,0,0,1,0,0
231622610,529340,Victoria 3,grand,4,1,0,0,1,1,0,0,0,0,0,0,0,0,0,1,0,0
231613940,529340,Victoria 3,grand,1,0,1,0,0,0,0,0,0,0,0,0,0,0,0,0,0,0
231611304,529340,Victoria 3,grand,2,0,0,0,0,1,0,0,0,1,0,0,0,0,0,0,0,0
231588812,529340,Victoria 3,grand,2,1,0,0,0,0,1,0,0,0,0,0,0,0,0,0,0,0
231588520,529340,Victoria 3,grand,1,0,0,0,0,0,0,0,0,0,0,0,0,0,0,0,0,1
231512399,529340,Victoria 3,grand,2,1,0,0,0,0,0,0,0,0,0,0,0,0,0,1,0,0
231278480,529340,Victoria 3,grand,1,0,0,0,0,0,0,0,0,0,0,0,0,0,0,0,0,1
231237225,529340,Victoria 3,grand,6,1,1,0,1,0,0,1,0,0,1,0,0,0,0,1,0,0
231229405,529340,Victoria 3,grand,1,0,0,0,0,0,0,0,0,0,0,0,0,0,0,0,0,1
231215757,529340,Victoria 3,grand,1,0,0,0,0,0,0,0,0,0,0,0,0,0,0,0,0,1
231199060,529340,Victoria 3,grand,1,0,0,0,0,0,0,0,0,0,0,0,1,0,0,0,0,0
231194630,529340,Victoria 3,grand,1,0,0,0,0,0,0,0,0,0,0,1,0,0,0,0,0,0
231149748,529340,Victoria 3,grand,3,0,0,0,1,1,0,0,0,0,0,0,0,0,0,1,0,0
231149479,529340,Victoria 3,grand,4,0,1,0,0,1,0,0,0,1,1,0,0,0,0,0,0,0
231148285,529340,Victoria 3,grand,1,0,0,0,0,0,0,0,0,0,0,0,0,0,0,0,0,1
231089557,529340,Victoria 3,grand,2,0,1,0,0,0,0,0,0,0,0,0,0,0,0,1,0,0
231072305,529340,Victoria 3,grand,1,1,0,0,0,0,0,0,0,0,0,0,0,0,0,0,0,0
231070350,529340,Victoria 3,grand,1,0,0,0,0,0,0,0,0,0,0,0,0,0,0,0,0,1
231057038,529340,Victoria 3,grand,4,1,1,0,0,1,0,0,0,0,1,0,0,0,0,0,0,0
231004805,529340,Victoria 3,grand,1,0,0,0,0,0,0,0,0,0,0,0,0,0,0,0,0,1
230988381,529340,Victoria 3,grand,1,0,0,0,0,0,0,0,0,0,0,0,0,0,0,0,0,1
230947258,529340,Victoria 3,grand,1,0,1,0,0,0,0,0,0,0,0,0,0,0,0,0,0,0
230946984,529340,Victoria 3,grand,2,0,0,0,1,0,0,0,0,0,0,0,0,0,1,0,0,0
230944668,529340,Victoria 3,grand,2,1,1,0,0,0,0,0,0,0,0,0,0,0,0,0,0,0
230935165,529340,Victoria 3,grand,2,1,0,0,0,1,0,0,0,0,0,0,0,0,0,0,0,0
230927483,529340,Victoria 3,grand,2,0,1,0,1,0,0,0,0,0,0,0,0,0,0,0,0,0
230838894,529340,Victoria 3,grand,1,0,0,0,0,0,0,0,0,0,0,0,0,0,0,0,0,1
230797477,529340,Victoria 3,grand,1,0,0,0,0,0,0,1,0,0,0,0,0,0,0,0,0,0
230773586,529340,Victoria 3,grand,1,0,0,0,0,0,0,0,0,0,0,0,0,0,0,0,1,0
230651908,529340,Victoria 3,grand,4,0,0,0,0,0,1,1,0,0,1,0,1,0,0,0,0,0
230640030,529340,Victoria 3,grand,1,0,0,0,0,1,0,0,0,0,0,0,0,0,0,0,0,0
230639449,529340,Victoria 3,grand,1,0,0,0,0,0,0,0,0,0,1,0,0,0,0,0,0,0
230559468,529340,Victoria 3,grand,1,0,1,0,0,0,0,0,0,0,0,0,0,0,0,0,0,0
230517574,529340,Victoria 3,grand,1,1,0,0,0,0,0,0,0,0,0,0,0,0,0,0,0,0
230491232,529340,Victoria 3,grand,1,0,0,0,0,0,0,0,0,0,0,0,0,0,0,1,0,0
230479438,529340,Victoria 3,grand,3,1,1,0,0,0,0,0,0,1,0,0,0,0,0,0,0,0
230444284,529340,Victoria 3,grand,1,0,1,0,0,0,0,0,0,0,0,0,0,0,0,0,0,0
230353935,529340,Victoria 3,grand,1,1,0,0,0,0,0,0,0,0,0,0,0,0,0,0,0,0
230281605,529340,Victoria 3,grand,2,1,1,0,0,0,0,0,0,0,0,0,0,0,0,0,0,0
230255137,529340,Victoria 3,grand,2,0,1,0,0,0,0,0,0,0,0,0,0,0,0,1,0,0
230210682,529340,Victoria 3,grand,5,0,1,0,1,0,0,0,0,0,1,0,0,1,0,1,0,0
230175461,529340,Victoria 3,grand,1,0,0,0,0,0,0,0,0,0,0,0,0,0,0,0,1,0
230173812,529340,Victoria 3,grand,2,0,0,0,0,0,0,1,0,0,1,0,0,0,0,0,0,0
230149579,529340,Victoria 3,grand,2,0,0,0,0,0,0,0,0,0,0,0,0,1,0,1,0,0
230088240,529340,Victoria 3,grand,1,0,0,0,0,0,0,0,0,0,0,0,0,0,0,0,0,1
230075518,529340,Victoria 3,grand,2,1,1,0,0,0,0,0,0,0,0,0,0,0,0,0,0,0
230060937,529340,Victoria 3,grand,1,0,1,0,0,0,0,0,0,0,0,0,0,0,0,0,0,0
230036686,529340,Victoria 3,grand,3,1,0,0,0,0,0,1,0,1,0,0,0,0,0,0,0,0
229989514,529340,Victoria 3,grand,1,0,0,0,0,0,0,0,0,0,0,0,0,0,0,0,0,1
229972447,529340,Victoria 3,grand,4,0,1,0,1,0,0,0,0,0,1,0,1,0,0,0,0,0
229961874,529340,Victoria 3,grand,2,1,0,0,1,0,0,0,0,0,0,0,0,0,0,0,0,0
229958854,529340,Victoria 3,grand,1,0,0,0,0,1,0,0,0,0,0,0,0,0,0,0,0,0
229942925,529340,Victoria 3,grand,1,0,0,0,0,0,0,0,0,0,0,0,0,0,0,0,1,0
229933536,529340,Victoria 3,grand,1,1,0,0,0,0,0,0,0,0,0,0,0,0,0,0,0,0
229870578,529340,Victoria 3,grand,2,0,0,0,0,0,0,0,0,0,1,0,0,0,1,0,0,0
229870213,529340,Victoria 3,grand,2,1,1,0,0,0,0,0,0,0,0,0,0,0,0,0,0,0
229861779,529340,Victoria 3,grand,1,0,0,0,0,0,0,0,0,0,0,0,0,0,0,0,0,1
229837791,529340,Victoria 3,grand,2,0,0,0,1,0,0,0,0,0,0,0,0,0,0,1,0,0
229803583,529340,Victoria 3,grand,1,0,0,0,0,0,0,0,0,0,0,0,0,0,0,0,1,0
229801673,529340,Victoria 3,grand,2,1,0,0,1,0,0,0,0,0,0,0,0,0,0,0,0,0
229782223,529340,Victoria 3,grand,1,0,0,0,0,0,1,0,0,0,0,0,0,0,0,0,0,0
229750787,529340,Victoria 3,grand,2,0,1,0,0,0,1,0,0,0,0,0,0,0,0,0,0,0
229733258,529340,Victoria 3,grand,1,1,0,0,0,0,0,0,0,0,0,0,0,0,0,0,0,0
229726296,529340,Victoria 3,grand,3,0,1,0,1,0,0,0,0,0,0,0,0,0,0,1,0,0
229683667,529340,Victoria 3,grand,2,1,0,0,0,0,0,0,0,0,0,0,0,0,0,1,0,0
229650590,529340,Victoria 3,grand,1,0,0,0,0,0,0,0,0,0,0,0,0,0,0,0,0,1
229389925,529340,Victoria 3,grand,3,1,0,0,1,0,0,0,0,0,0,0,0,1,0,0,0,0
229382766,529340,Victoria 3,grand,1,0,0,0,0,0,0,0,0,0,0,0,0,0,0,0,0,1
229294290,529340,Victoria 3,grand,7,1,1,0,0,1,0,1,0,0,1,0,1,1,0,0,0,0
229278985,529340,Victoria 3,grand,1,0,0,0,0,0,0,0,0,0,0,0,0,0,0,0,0,1
229170113,529340,Victoria 3,grand,1,0,1,0,0,0,0,0,0,0,0,0,0,0,0,0,0,0
229069612,529340,Victoria 3,grand,1,0,0,0,0,0,0,0,0,0,0,0,0,0,0,0,1,0
229028033,529340,Victoria 3,grand,1,1,0,0,0,0,0,0,0,0,0,0,0,0,0,0,0,0
229027784,529340,Victoria 3,grand,2,0,1,0,0,0,0,0,0,0,0,0,0,1,0,0,0,0
229006610,529340,Victoria 3,grand,1,1,0,0,0,0,0,0,0,0,0,0,0,0,0,0,0,0
228956537,529340,Victoria 3,grand,4,0,1,0,1,0,0,0,0,1,0,0,0,1,0,0,0,0
228925937,529340,Victoria 3,grand,2,1,0,0,0,0,0,0,0,0,0,0,0,0,0,1,0,0
228916539,529340,Victoria 3,grand,1,0,1,0,0,0,0,0,0,0,0,0,0,0,0,0,0,0
228861077,529340,Victoria 3,grand,1,0,0,0,0,0,0,0,0,0,0,0,0,0,0,0,0,1
228859138,529340,Victoria 3,grand,5,1,1,0,1,0,0,0,0,0,0,0,0,1,0,1,0,0
228825131,529340,Victoria 3,grand,4,1,1,0,1,0,0,0,0,0,0,0,0,1,0,0,0,0
228815001,529340,Victoria 3,grand,2,0,1,0,1,0,0,0,0,0,0,0,0,0,0,0,0,0
228808683,529340,Victoria 3,grand,4,1,1,0,0,1,0,0,0,0,1,0,0,0,0,0,0,0
228750146,529340,Victoria 3,grand,1,0,0,0,0,0,0,0,0,0,0,0,0,0,0,0,0,1
228748905,529340,Victoria 3,grand,5,0,1,0,1,0,0,0,1,0,0,0,1,0,0,1,0,0
228718664,529340,Victoria 3,grand,6,1,0,0,1,1,0,0,0,0,0,0,0,1,1,1,0,0
228679207,529340,Victoria 3,grand,1,1,0,0,0,0,0,0,0,0,0,0,0,0,0,0,0,0
228646534,529340,Victoria 3,grand,3,1,1,0,0,0,0,0,0,0,0,0,0,0,0,1,0,0
228601737,529340,Victoria 3,grand,4,1,0,0,0,0,1,0,0,0,0,0,0,1,0,1,0,0
228597597,529340,Victoria 3,grand,1,0,0,0,0,0,0,0,0,0,0,0,0,0,0,1,0,0
228519422,529340,Victoria 3,grand,4,0,0,0,1,0,1,0,0,0,0,0,0,0,1,1,0,0
228436335,529340,Victoria 3,grand,2,0,1,0,0,0,0,1,0,0,0,0,0,0,0,0,0,0
228421582,529340,Victoria 3,grand,1,0,0,0,0,0,1,0,0,0,0,0,0,0,0,0,0,0
228385605,529340,Victoria 3,grand,1,0,0,0,0,0,0,0,0,0,0,0,0,0,0,1,0,0
228307766,529340,Victoria 3,grand,1,0,1,0,0,0,0,0,0,0,0,0,0,0,0,0,0,0
228299930,529340,Victoria 3,grand,1,0,0,0,0,0,0,0,0,0,0,0,0,0,0,0,1,0
228299872,529340,Victoria 3,grand,2,0,1,0,0,0,0,0,0,0,0,0,0,0,0,1,0,0
228279493,529340,Victoria 3,grand,1,0,0,0,0,0,0,0,0,1,0,0,0,0,0,0,0,0
228263114,529340,Victoria 3,grand,4,1,1,0,1,0,0,0,0,0,0,0,0,0,1,0,0,0
228261031,529340,Victoria 3,grand,2,0,1,0,1,0,0,0,0,0,0,0,0,0,0,0,0,0
228242469,529340,Victoria 3,grand,1,0,0,0,0,0,0,0,0,0,0,0,0,0,0,0,1,0
228238315,529340,Victoria 3,grand,3,0,1,0,1,0,1,0,0,0,0,0,0,0,0,0,0,0
228236338,529340,Victoria 3,grand,9,1,1,0,1,1,0,1,0,1,0,0,1,1,0,1,0,0
228229008,529340,Victoria 3,grand,5,1,1,0,1,1,0,0,0,0,0,0,0,0,0,1,0,0
228204652,529340,Victoria 3,grand,2,0,1,0,1,0,0,0,0,0,0,0,0,0,0,0,0,0
228156127,529340,Victoria 3,grand,1,1,0,0,0,0,0,0,0,0,0,0,0,0,0,0,0,0
228135049,529340,Victoria 3,grand,1,0,0,0,0,0,0,0,0,0,0,0,0,0,0,0,0,1
228131409,529340,Victoria 3,grand,3,1,1,0,1,0,0,0,0,0,0,0,0,0,0,0,0,0
228123605,529340,Victoria 3,grand,1,0,0,0,0,0,0,0,0,0,0,0,0,0,0,0,1,0
228088083,529340,Victoria 3,grand,1,0,0,0,0,0,0,0,0,0,0,0,0,0,0,0,0,1
228082169,529340,Victoria 3,grand,3,0,0,0,1,0,0,0,0,0,0,0,0,1,0,1,0,0
228076763,529340,Victoria 3,grand,1,0,0,0,0,0,0,0,0,0,0,0,0,0,0,0,1,0
228038458,529340,Victoria 3,grand,5,1,1,0,0,0,0,0,0,0,1,0,1,0,0,1,0,0
227963020,529340,Victoria 3,grand,1,0,0,0,0,0,0,0,0,0,0,0,0,0,0,0,0,1
227948657,529340,Victoria 3,grand,1,0,0,0,0,0,1,0,0,0,0,0,0,0,0,0,0,0
227934237,529340,Victoria 3,grand,1,0,0,0,0,0,0,0,0,0,0,0,0,0,0,0,1,0
227926893,529340,Victoria 3,grand,3,1,1,0,0,0,0,0,0,0,0,0,1,0,0,0,0,0
227925175,529340,Victoria 3,grand,2,1,0,0,0,0,0,0,0,0,0,0,0,0,0,1,0,0
227914941,529340,Victoria 3,grand,1,0,1,0,0,0,0,0,0,0,0,0,0,0,0,0,0,0
227909330,529340,Victoria 3,grand,1,0,0,0,0,0,1,0,0,0,0,0,0,0,0,0,0,0
227857004,529340,Victoria 3,grand,3,1,0,0,0,0,0,1,0,0,0,0,0,0,0,1,0,0
227837684,529340,Victoria 3,grand,1,0,0,0,0,0,0,0,0,0,0,0,0,0,0,0,0,1
227772376,529340,Victoria 3,grand,3,1,1,0,1,0,0,0,0,0,0,0,0,0,0,0,0,0
227761659,529340,Victoria 3,grand,1,0,0,0,0,0,0,0,0,0,0,0,0,0,0,0,1,0
227747595,529340,Victoria 3,grand,6,1,0,0,1,1,1,0,0,0,1,0,0,1,0,0,0,0
227743308,529340,Victoria 3,grand,3,0,1,0,1,0,0,0,0,0,0,0,0,1,0,0,0,0
227715130,529340,Victoria 3,grand,1,0,0,0,0,1,0,0,0,0,0,0,0,0,0,0,0,0
227708892,529340,Victoria 3,grand,4,0,1,0,0,0,1,0,0,0,0,0,1,0,0,1,0,0
227664927,529340,Victoria 3,grand,1,1,0,0,0,0,0,0,0,0,0,0,0,0,0,0,0,0
227595558,529340,Victoria 3,grand,1,0,0,0,1,0,0,0,0,0,0,0,0,0,0,0,0,0
227550941,529340,Victoria 3,grand,3,0,0,0,0,0,0,0,0,0,1,1,0,1,0,0,0,0
227534172,529340,Victoria 3,grand,1,0,0,0,0,0,0,0,0,0,0,0,0,0,0,1,0,0
227515825,529340,Victoria 3,grand,2,1,0,0,0,1,0,0,0,0,0,0,0,0,0,0,0,0
227499475,529340,Victoria 3,grand,1,1,0,0,0,0,0,0,0,0,0,0,0,0,0,0,0,0
227478699,529340,Victoria 3,grand,2,0,0,0,0,0,0,0,0,0,0,0,0,0,1,1,0,0
227477045,529340,Victoria 3,grand,6,1,1,0,1,1,0,0,0,1,0,0,0,0,0,1,0,0
227472999,529340,Victoria 3,grand,1,1,0,0,0,0,0,0,0,0,0,0,0,0,0,0,0,0
227320793,529340,Victoria 3,grand,1,0,0,0,0,0,1,0,0,0,0,0,0,0,0,0,0,0
227307155,529340,Victoria 3,grand,1,0,0,0,0,0,0,0,0,0,0,0,0,0,0,0,0,1
227304393,529340,Victoria 3,grand,5,1,1,0,1,1,0,0,0,1,0,0,0,0,0,0,0,0
227273717,529340,Victoria 3,grand,2,0,0,0,1,0,0,0,0,0,0,0,0,0,1,0,0,0
227256303,529340,Victoria 3,grand,1,0,0,0,1,0,0,0,0,0,0,0,0,0,0,0,0,0
227238195,529340,Victoria 3,grand,1,1,0,0,0,0,0,0,0,0,0,0,0,0,0,0,0,0
227213127,529340,Victoria 3,grand,2,0,0,0,0,1,0,0,0,0,0,0,0,0,0,1,0,0
227190672,529340,Victoria 3,grand,4,1,1,0,1,0,0,0,0,0,0,0,0,0,0,1,0,0
227162265,529340,Victoria 3,grand,1,1,0,0,0,0,0,0,0,0,0,0,0,0,0,0,0,0
227081515,529340,Victoria 3,grand,4,1,1,0,0,0,1,0,0,0,0,0,0,0,0,1,0,0
227060516,529340,Victoria 3,grand,5,1,1,0,1,0,0,0,0,0,0,0,0,0,1,1,0,0
227059901,529340,Victoria 3,grand,3,1,1,0,1,0,0,0,0,0,0,0,0,0,0,0,0,0
227042714,529340,Victoria 3,grand,2,1,0,0,0,0,0,0,0,0,0,0,0,0,0,1,0,0
227029369,529340,Victoria 3,grand,1,0,0,0,0,0,0,0,0,0,0,0,0,0,0,0,1,0
226982500,529340,Victoria 3,grand,1,0,0,0,0,0,0,0,0,0,0,0,0,0,0,0,0,1
226916507,529340,Victoria 3,grand,1,0,0,0,0,0,0,0,0,0,0,0,0,0,0,0,1,0
226914700,529340,Victoria 3,grand,1,0,0,0,0,0,0,0,0,0,0,0,0,0,0,0,1,0
226909178,529340,Victoria 3,grand,3,1,1,0,0,0,0,0,0,0,0,0,0,0,0,1,0,0
226904150,529340,Victoria 3,grand,3,1,0,0,0,0,0,1,0,0,0,0,0,0,0,1,0,0
226886102,529340,Victoria 3,grand,3,0,0,0,1,0,1,1,0,0,0,0,0,0,0,0,0,0
226878274,529340,Victoria 3,grand,3,1,1,0,0,0,0,0,0,0,0,0,0,0,0,1,0,0
226875519,529340,Victoria 3,grand,5,1,1,0,1,0,0,0,0,0,0,0,0,0,1,1,0,0
226836125,529340,Victoria 3,grand,5,1,1,0,0,0,0,0,0,1,1,0,0,1,0,0,0,0
226831617,529340,Victoria 3,grand,2,1,0,0,1,0,0,0,0,0,0,0,0,0,0,0,0,0
226822034,529340,Victoria 3,grand,2,1,0,0,0,0,0,0,0,0,0,0,0,0,1,0,0,0
226788860,529340,Victoria 3,grand,7,1,1,0,1,0,0,0,0,1,0,0,0,1,1,1,0,0
226779855,529340,Victoria 3,grand,1,0,0,0,0,0,0,0,0,0,0,0,0,1,0,0,0,0
226774139,529340,Victoria 3,grand,2,1,0,0,1,0,0,0,0,0,0,0,0,0,0,0,0,0
226768557,529340,Victoria 3,grand,1,0,0,0,0,0,0,0,0,0,0,0,0,0,0,0,0,1
226642098,529340,Victoria 3,grand,5,1,1,0,1,0,0,0,0,0,0,0,0,0,1,1,0,0
226587659,529340,Victoria 3,grand,1,0,0,0,0,0,0,0,0,0,0,0,0,0,0,0,0,1
226549473,529340,Victoria 3,grand,1,0,0,0,0,0,0,0,0,0,0,0,0,0,0,0,1,0
226510967,529340,Victoria 3,grand,4,1,1,0,1,0,0,0,0,0,0,0,0,0,1,0,0,0
226510026,529340,Victoria 3,grand,4,1,0,0,1,0,0,1,0,0,0,0,1,0,0,0,0,0
226480949,529340,Victoria 3,grand,1,0,0,0,0,0,0,0,0,0,0,0,0,0,0,1,0,0
226475435,529340,Victoria 3,grand,1,1,0,0,0,0,0,0,0,0,0,0,0,0,0,0,0,0
226443214,529340,Victoria 3,grand,2,1,0,0,1,0,0,0,0,0,0,0,0,0,0,0,0,0
226393562,529340,Victoria 3,grand,1,0,0,0,0,0,0,0,0,0,0,0,0,0,0,1,0,0
226387627,529340,Victoria 3,grand,3,1,0,0,0,1,0,0,0,0,0,0,0,0,0,1,0,0
226384514,529340,Victoria 3,grand,1,0,0,0,1,0,0,0,0,0,0,0,0,0,0,0,0,0
226340034,529340,Victoria 3,grand,3,1,1,0,1,0,0,0,0,0,0,0,0,0,0,0,0,0
226331813,529340,Victoria 3,grand,1,0,0,0,0,0,0,0,0,0,0,0,0,0,1,0,0,0
226251489,529340,Victoria 3,grand,3,0,1,0,0,0,0,0,0,0,0,0,1,0,1,0,0,0
226244448,529340,Victoria 3,grand,1,0,0,0,0,0,0,0,0,0,0,0,0,0,0,0,1,0
226197774,529340,Victoria 3,grand,3,1,1,0,0,0,0,0,0,0,0,0,0,0,0,1,0,0
226188842,529340,Victoria 3,grand,1,0,0,0,0,0,0,0,0,0,0,0,0,0,0,1,0,0
226188671,529340,Victoria 3,grand,1,0,0,0,0,0,0,0,0,0,0,0,0,0,0,0,0,1
226174288,529340,Victoria 3,grand,4,1,1,0,0,1,0,0,0,0,0,0,0,0,0,1,0,0
226171421,529340,Victoria 3,grand,2,1,0,0,0,0,0,0,0,0,0,0,1,0,0,0,0,0
226166730,529340,Victoria 3,grand,3,1,1,0,0,0,0,1,0,0,0,0,0,0,0,0,0,0
226164702,529340,Victoria 3,grand,5,1,0,0,1,1,0,0,0,0,0,0,0,1,1,0,0,0
226160773,529340,Victoria 3,grand,1,1,0,0,0,0,0,0,0,0,0,0,0,0,0,0,0,0
226159205,529340,Victoria 3,grand,1,1,0,0,0,0,0,0,0,0,0,0,0,0,0,0,0,0
226145311,529340,Victoria 3,grand,2,0,0,0,1,0,0,0,0,0,0,0,0,0,0,1,0,0
226104033,529340,Victoria 3,grand,2,0,0,0,0,1,0,0,0,0,0,0,0,0,0,1,0,0
226087524,529340,Victoria 3,grand,1,0,0,0,0,0,0,0,0,0,0,0,0,0,0,0,0,1
226059408,529340,Victoria 3,grand,1,0,0,0,0,0,0,0,0,0,0,0,0,0,0,0,1,0
226054501,529340,Victoria 3,grand,2,0,1,0,0,0,1,0,0,0,0,0,0,0,0,0,0,0
226035360,529340,Victoria 3,grand,5,1,1,0,1,1,0,0,0,0,0,0,0,1,0,0,0,0
226029801,529340,Victoria 3,grand,1,0,0,0,1,0,0,0,0,0,0,0,0,0,0,0,0,0
225961354,529340,Victoria 3,grand,1,0,0,0,0,0,0,0,0,0,0,0,0,0,0,0,0,1
225951598,529340,Victoria 3,grand,3,1,1,0,1,0,0,0,0,0,0,0,0,0,0,0,0,0
225940436,529340,Victoria 3,grand,2,1,0,0,0,0,0,0,0,0,0,0,1,0,0,0,0,0
225938871,529340,Victoria 3,grand,2,1,0,0,0,0,0,0,0,0,0,0,0,0,0,1,0,0
225819139,529340,Victoria 3,grand,1,1,0,0,0,0,0,0,0,0,0,0,0,0,0,0,0,0
225794401,529340,Victoria 3,grand,2,0,0,0,0,0,1,0,0,0,0,0,0,1,0,0,0,0
225772401,529340,Victoria 3,grand,1,0,0,0,0,0,0,0,0,0,0,0,1,0,0,0,0,0
225771082,529340,Victoria 3,grand,2,1,1,0,0,0,0,0,0,0,0,0,0,0,0,0,0,0
225724752,529340,Victoria 3,grand,2,1,0,0,0,0,0,0,0,0,0,0,0,0,0,1,0,0
225717039,529340,Victoria 3,grand,1,0,0,0,0,0,0,0,0,0,0,0,0,0,0,0,0,1
225675953,529340,Victoria 3,grand,3,0,1,0,0,1,0,0,0,0,0,0,0,0,0,1,0,0
225613588,529340,Victoria 3,grand,1,0,0,0,0,0,0,0,0,0,0,0,0,0,0,1,0,0
225608411,529340,Victoria 3,grand,3,0,1,0,0,0,1,0,0,0,0,0,1,0,0,0,0,0
225572049,529340,Victoria 3,grand,3,1,0,0,0,1,0,0,0,0,0,0,0,0,0,1,0,0
225559065,529340,Victoria 3,grand,1,0,0,0,0,0,0,0,0,0,0,0,0,0,0,0,0,1
225498673,529340,Victoria 3,grand,4,1,0,0,1,0,0,0,0,0,0,0,0,0,1,1,0,0
225455369,529340,Victoria 3,grand,1,1,0,0,0,0,0,0,0,0,0,0,0,0,0,0,0,0
225442485,529340,Victoria 3,grand,2,1,0,0,0,0,0,0,0,0,0,0,0,0,0,1,0,0
225432587,529340,Victoria 3,grand,1,1,0,0,0,0,0,0,0,0,0,0,0,0,0,0,0,0
225379273,529340,Victoria 3,grand,3,0,1,0,0,0,1,0,0,0,0,0,0,1,0,0,0,0
225375823,529340,Victoria 3,grand,1,1,0,0,0,0,0,0,0,0,0,0,0,0,0,0,0,0
225361608,529340,Victoria 3,grand,2,1,0,0,1,0,0,0,0,0,0,0,0,0,0,0,0,0
225353767,529340,Victoria 3,grand,3,1,1,0,0,0,0,0,0,0,0,0,0,0,0,1,0,0
225347234,529340,Victoria 3,grand,1,0,0,0,0,0,0,0,0,0,0,0,0,0,0,1,0,0
225325277,529340,Victoria 3,grand,1,0,1,0,0,0,0,0,0,0,0,0,0,0,0,0,0,0
225318515,529340,Victoria 3,grand,5,1,0,0,0,0,1,0,0,1,0,0,1,0,0,1,0,0
225300079,529340,Victoria 3,grand,1,0,0,0,0,0,0,0,0,0,0,0,0,0,0,0,1,0
225299082,529340,Victoria 3,grand,1,0,0,0,0,0,0,0,0,0,0,0,0,0,0,0,0,1
225288347,529340,Victoria 3,grand,1,0,0,0,0,0,0,0,0,0,1,0,0,0,0,0,0,0
225265815,529340,Victoria 3,grand,4,0,1,0,0,0,0,0,0,0,0,0,0,1,1,1,0,0
225265405,529340,Victoria 3,grand,3,0,1,0,0,1,0,0,0,0,0,0,0,0,0,1,0,0
225254893,529340,Victoria 3,grand,1,0,0,0,0,0,0,0,0,0,0,0,0,0,0,0,1,0
225250931,529340,Victoria 3,grand,1,1,0,0,0,0,0,0,0,0,0,0,0,0,0,0,0,0
225246213,529340,Victoria 3,grand,1,0,0,0,0,0,0,0,0,0,0,0,0,0,0,0,0,1
225242327,529340,Victoria 3,grand,4,1,1,0,1,0,0,0,0,0,0,0,0,0,0,1,0,0
225227748,529340,Victoria 3,grand,1,1,0,0,0,0,0,0,0,0,0,0,0,0,0,0,0,0
225189862,529340,Victoria 3,grand,6,1,1,0,1,0,1,0,0,0,0,0,0,1,0,1,0,0
225188044,529340,Victoria 3,grand,5,0,1,0,1,1,0,0,0,0,0,0,0,1,0,1,0,0
225184291,529340,Victoria 3,grand,2,0,1,0,1,0,0,0,0,0,0,0,0,0,0,0,0,0
225142431,529340,Victoria 3,grand,3,1,1,0,0,0,0,0,0,0,0,0,0,1,0,0,0,0
225124036,529340,Victoria 3,grand,4,1,1,0,1,0,0,0,0,0,0,0,0,0,1,0,0,0
225089222,529340,Victoria 3,grand,6,0,1,0,0,1,1,0,0,0,1,0,1,1,0,0,0,0
225083799,529340,Victoria 3,grand,1,0,0,0,0,0,0,0,0,0,0,0,0,0,0,0,1,0
225083396,529340,Victoria 3,grand,1,0,0,0,1,0,0,0,0,0,0,0,0,0,0,0,0,0
225062253,529340,Victoria 3,grand,6,0,1,0,1,0,0,0,0,0,1,1,1,1,0,0,0,0
225061162,529340,Victoria 3,grand,4,1,0,0,0,0,0,0,0,0,0,0,1,0,1,1,0,0
225040669,529340,Victoria 3,grand,1,0,0,0,0,0,0,0,0,0,0,0,0,0,0,0,0,1
225036896,529340,Victoria 3,grand,4,0,0,0,1,1,0,0,0,0,0,0,0,1,0,1,0,0
225019431,529340,Victoria 3,grand,4,1,1,0,1,1,0,0,0,0,0,0,0,0,0,0,0,0
225001826,529340,Victoria 3,grand,6,1,0,0,1,0,1,0,0,0,1,0,0,1,0,1,0,0
224977548,529340,Victoria 3,grand,6,1,1,0,0,1,0,0,0,1,0,0,0,1,0,1,0,0
224969356,529340,Victoria 3,grand,1,0,0,0,0,1,0,0,0,0,0,0,0,0,0,0,0,0
224965474,529340,Victoria 3,grand,1,0,1,0,0,0,0,0,0,0,0,0,0,0,0,0,0,0
224928775,529340,Victoria 3,grand,2,0,0,0,1,0,0,0,0,0,0,0,0,1,0,0,0,0
224925109,529340,Victoria 3,grand,6,1,1,0,1,1,1,0,0,0,0,0,0,0,0,1,0,0
224925077,529340,Victoria 3,grand,4,0,1,0,1,0,0,0,0,0,0,0,1,1,0,0,0,0
224924108,529340,Victoria 3,grand,3,0,0,0,1,1,0,0,0,0,0,0,0,0,0,1,0,0
224917494,529340,Victoria 3,grand,1,0,0,0,0,0,0,0,0,0,0,0,0,1,0,0,0,0
224916321,529340,Victoria 3,grand,3,1,1,0,0,0,0,0,0,0,0,0,0,0,0,1,0,0
224912240,529340,Victoria 3,grand,2,1,0,0,0,0,0,0,0,0,0,0,0,0,0,1,0,0
224910786,529340,Victoria 3,grand,1,0,0,0,0,0,0,0,0,0,0,0,0,0,0,0,0,1
224892731,529340,Victoria 3,grand,3,1,0,0,0,0,0,1,0,0,0,0,0,0,0,1,0,0
224891359,529340,Victoria 3,grand,1,0,0,0,0,1,0,0,0,0,0,0,0,0,0,0,0,0
224889107,529340,Victoria 3,grand,1,0,0,0,0,0,0,0,0,0,0,0,0,0,0,0,1,0
224876657,529340,Victoria 3,grand,4,1,1,0,0,0,0,0,0,0,0,0,0,1,0,1,0,0
224871048,529340,Victoria 3,grand,3,0,0,0,1,0,1,0,0,0,0,0,0,0,1,0,0,0
224865136,529340,Victoria 3,grand,1,0,1,0,0,0,0,0,0,0,0,0,0,0,0,0,0,0
224857004,529340,Victoria 3,grand,2,1,0,0,0,0,0,0,0,0,0,0,0,0,0,1,0,0
224841524,529340,Victoria 3,grand,1,0,0,0,0,0,0,0,0,0,0,0,0,0,0,1,0,0
224827789,529340,Victoria 3,grand,3,0,1,0,0,0,0,0,0,0,0,1,0,1,0,0,0,0
224816631,529340,Victoria 3,grand,2,0,1,0,1,0,0,0,0,0,0,0,0,0,0,0,0,0
224813015,529340,Victoria 3,grand,1,0,0,0,0,0,0,0,0,0,0,0,0,0,0,0,1,0
224809143,529340,Victoria 3,grand,3,1,1,0,0,1,0,0,0,0,0,0,0,0,0,0,0,0
224799395,529340,Victoria 3,grand,1,0,0,0,0,0,0,0,0,0,0,0,0,0,0,1,0,0
224796755,529340,Victoria 3,grand,2,0,0,0,0,0,0,0,0,0,1,0,0,0,0,1,0,0
224789672,529340,Victoria 3,grand,1,0,0,0,0,0,0,0,0,0,0,0,0,0,0,0,1,0
224789149,529340,Victoria 3,grand,1,0,0,0,0,0,0,0,0,0,0,0,0,0,0,1,0,0
224785626,529340,Victoria 3,grand,5,1,0,0,1,0,1,0,0,0,0,0,1,1,0,0,0,0
224785355,529340,Victoria 3,grand,1,1,0,0,0,0,0,0,0,0,0,0,0,0,0,0,0,0
224782072,529340,Victoria 3,grand,3,0,1,0,0,0,1,0,0,0,0,0,0,0,1,0,0,0
224781086,529340,Victoria 3,grand,1,1,0,0,0,0,0,0,0,0,0,0,0,0,0,0,0,0
224775145,529340,Victoria 3,grand,2,0,0,0,0,0,1,0,0,0,0,0,0,1,0,0,0,0
224771862,529340,Victoria 3,grand,3,0,0,0,0,0,1,0,0,0,1,0,0,0,0,1,0,0
224770485,529340,Victoria 3,grand,2,0,0,0,0,0,1,0,0,0,0,0,0,1,0,0,0,0
224761735,529340,Victoria 3,grand,1,0,0,0,0,0,0,0,0,0,0,0,0,0,0,0,0,1
224757898,529340,Victoria 3,grand,1,0,0,0,1,0,0,0,0,0,0,0,0,0,0,0,0,0
224754407,529340,Victoria 3,grand,1,0,0,0,0,0,0,0,0,0,0,0,0,0,0,0,0,1
224751208,529340,Victoria 3,grand,4,1,1,0,1,0,0,0,0,0,0,0,0,0,0,1,0,0
224748978,529340,Victoria 3,grand,2,1,0,0,1,0,0,0,0,0,0,0,0,0,0,0,0,0
224746406,529340,Victoria 3,grand,3,0,1,0,1,0,0,1,0,0,0,0,0,0,0,0,0,0
224744163,529340,Victoria 3,grand,3,0,0,0,0,0,0,0,0,0,0,1,1,1,0,0,0,0
224728726,529340,Victoria 3,grand,1,0,0,0,0,0,0,0,0,0,0,0,0,1,0,0,0,0
224726868,529340,Victoria 3,grand,2,0,1,0,0,0,0,0,0,0,0,0,0,1,0,0,0,0
224723825,529340,Victoria 3,grand,1,0,0,0,0,0,0,0,0,0,0,0,0,0,0,0,0,1
224721829,529340,Victoria 3,grand,1,0,0,0,0,0,0,0,0,0,0,0,0,0,0,0,0,1
224713303,529340,Victoria 3,grand,2,1,0,0,0,0,0,0,0,0,0,0,0,0,0,1,0,0
224709429,529340,Victoria 3,grand,1,0,0,0,0,0,0,0,0,0,1,0,0,0,0,0,0,0
224705865,529340,Victoria 3,grand,2,1,0,0,0,0,0,0,0,0,0,0,0,0,0,1,0,0
224698954,529340,Victoria 3,grand,1,1,0,0,0,0,0,0,0,0,0,0,0,0,0,0,0,0
224698071,529340,Victoria 3,grand,2,0,1,0,0,0,0,0,0,0,0,0,0,0,0,1,0,0
224696232,529340,Victoria 3,grand,4,0,1,0,0,0,1,0,0,0,1,0,1,0,0,0,0,0
224691549,529340,Victoria 3,grand,4,0,0,0,1,0,1,0,0,0,0,0,0,1,0,1,0,0
224679143,529340,Victoria 3,grand,5,1,1,0,1,0,0,0,0,0,1,1,0,0,0,0,0,0
224676101,529340,Victoria 3,grand,1,1,0,0,0,0,0,0,0,0,0,0,0,0,0,0,0,0
224666588,529340,Victoria 3,grand,3,1,1,0,0,0,1,0,0,0,0,0,0,0,0,0,0,0
224656154,529340,Victoria 3,grand,1,1,0,0,0,0,0,0,0,0,0,0,0,0,0,0,0,0
224653411,529340,Victoria 3,grand,4,0,1,0,0,0,1,0,0,0,1,0,0,1,0,0,0,0
224649186,529340,Victoria 3,grand,2,1,0,0,0,0,1,0,0,0,0,0,0,0,0,0,0,0
224648214,529340,Victoria 3,grand,1,0,0,0,0,0,0,0,0,0,0,0,0,0,0,0,0,1
224640257,529340,Victoria 3,grand,1,0,0,0,0,0,0,0,0,0,1,0,0,0,0,0,0,0
224629248,529340,Victoria 3,grand,2,0,0,0,1,0,0,0,0,0,0,0,0,1,0,0,0,0
224622881,529340,Victoria 3,grand,1,0,0,0,0,0,0,0,0,0,0,0,0,0,0,0,0,1
224622146,529340,Victoria 3,grand,1,0,0,0,0,0,0,0,0,0,0,0,1,0,0,0,0,0
224620434,529340,Victoria 3,grand,1,1,0,0,0,0,0,0,0,0,0,0,0,0,0,0,0,0
224619830,529340,Victoria 3,grand,1,0,0,0,0,0,1,0,0,0,0,0,0,0,0,0,0,0
224613059,529340,Victoria 3,grand,8,1,1,0,1,1,0,0,0,0,1,0,1,0,1,1,0,0
224611093,529340,Victoria 3,grand,5,1,1,0,0,1,0,0,0,0,0,0,0,1,0,1,0,0
224610952,529340,Victoria 3,grand,3,1,0,0,0,1,0,0,0,0,0,0,0,0,0,1,0,0
224610139,529340,Victoria 3,grand,1,0,0,0,0,0,0,0,0,0,0,0,0,0,0,0,0,1
224605213,529340,Victoria 3,grand,1,0,0,0,0,0,0,0,0,0,0,0,0,0,0,0,0,1
224602425,529340,Victoria 3,grand,3,1,1,0,0,0,0,0,0,0,0,0,0,0,0,1,0,0
224590935,529340,Victoria 3,grand,3,0,1,0,0,0,1,0,0,0,0,0,0,1,0,0,0,0
224589678,529340,Victoria 3,grand,1,1,0,0,0,0,0,0,0,0,0,0,0,0,0,0,0,0
224583844,529340,Victoria 3,grand,3,0,1,0,1,0,0,0,0,0,0,0,1,0,0,0,0,0
224581882,529340,Victoria 3,grand,2,0,1,0,0,0,0,1,0,0,0,0,0,0,0,0,0,0
224577823,529340,Victoria 3,grand,1,1,0,0,0,0,0,0,0,0,0,0,0,0,0,0,0,0
224576883,529340,Victoria 3,grand,5,0,1,0,0,0,0,0,0,1,0,0,1,0,1,1,0,0
224572090,529340,Victoria 3,grand,7,1,1,0,1,1,0,0,1,0,0,0,0,0,1,1,0,0
224568278,529340,Victoria 3,grand,1,1,0,0,0,0,0,0,0,0,0,0,0,0,0,0,0,0
224563604,529340,Victoria 3,grand,1,0,0,0,0,0,0,0,0,0,0,0,0,0,0,0,1,0
224558540,529340,Victoria 3,grand,1,0,0,0,0,0,0,0,0,0,0,0,0,0,0,0,0,1
224557921,529340,Victoria 3,grand,4,0,0,0,0,1,1,1,0,0,0,0,0,1,0,0,0,0
224548241,529340,Victoria 3,grand,1,0,0,0,0,0,1,0,0,0,0,0,0,0,0,0,0,0
224547557,529340,Victoria 3,grand,1,0,0,0,0,0,0,0,0,0,0,0,0,0,0,0,0,1
224546435,529340,Victoria 3,grand,6,0,0,0,1,1,0,1,0,1,0,0,1,1,0,0,0,0
224544515,529340,Victoria 3,grand,1,0,0,0,0,1,0,0,0,0,0,0,0,0,0,0,0,0
224543169,529340,Victoria 3,grand,3,0,1,0,0,0,0,0,0,1,0,0,0,0,0,1,0,0
224541959,529340,Victoria 3,grand,1,0,1,0,0,0,0,0,0,0,0,0,0,0,0,0,0,0
224541045,529340,Victoria 3,grand,1,1,0,0,0,0,0,0,0,0,0,0,0,0,0,0,0,0
224540493,529340,Victoria 3,grand,1,0,0,0,0,0,0,0,0,0,0,0,0,0,1,0,0,0
224529378,529340,Victoria 3,grand,1,0,1,0,0,0,0,0,0,0,0,0,0,0,0,0,0,0
224523627,529340,Victoria 3,grand,1,0,0,0,0,0,0,0,0,0,0,0,0,0,0,0,0,1
224519750,529340,Victoria 3,grand,7,1,1,0,1,1,1,0,0,0,0,0,0,1,0,1,0,0
224515198,529340,Victoria 3,grand,4,1,1,0,0,0,0,0,0,0,1,0,1,0,0,0,0,0
224500963,529340,Victoria 3,grand,1,0,1,0,0,0,0,0,0,0,0,0,0,0,0,0,0,0
224498994,529340,Victoria 3,grand,7,1,1,1,0,1,1,0,0,1,0,0,0,0,0,1,0,0
224496808,529340,Victoria 3,grand,4,1,0,0,0,0,0,1,0,1,1,0,0,0,0,0,0,0
224480564,529340,Victoria 3,grand,1,0,0,0,0,0,0,0,0,0,0,0,0,0,0,0,0,1
224474579,529340,Victoria 3,grand,6,1,1,0,1,1,0,0,0,1,0,0,0,1,0,0,0,0
224471004,529340,Victoria 3,grand,1,0,0,0,0,0,0,0,0,0,0,0,0,0,0,0,0,1
224470552,529340,Victoria 3,grand,3,0,1,0,0,1,0,0,0,0,0,0,0,0,0,1,0,0
224469912,529340,Victoria 3,grand,3,1,0,0,1,0,0,0,0,0,0,0,0,0,0,1,0,0
224459378,529340,Victoria 3,grand,2,0,0,0,1,0,0,0,0,0,0,0,0,0,0,1,0,0
224458195,529340,Victoria 3,grand,2,0,1,0,1,0,0,0,0,0,0,0,0,0,0,0,0,0
224454397,529340,Victoria 3,grand,1,0,0,0,0,0,0,0,0,0,0,0,0,0,0,0,0,1
224450155,529340,Victoria 3,grand,8,1,1,0,1,1,0,0,0,1,1,0,0,1,0,1,0,0
224449365,529340,Victoria 3,grand,4,1,1,0,1,0,0,0,0,0,0,0,0,0,0,1,0,0
224436465,529340,Victoria 3,grand,4,1,0,0,1,0,0,1,0,0,0,0,0,1,0,0,0,0
224432393,529340,Victoria 3,grand,1,0,1,0,0,0,0,0,0,0,0,0,0,0,0,0,0,0
224429633,529340,Victoria 3,grand,1,0,0,0,1,0,0,0,0,0,0,0,0,0,0,0,0,0
224421922,529340,Victoria 3,grand,2,1,0,0,0,0,0,0,0,0,0,0,0,1,0,0,0,0
224417233,529340,Victoria 3,grand,4,0,1,0,1,0,0,0,0,0,0,0,0,0,1,1,0,0
224416314,529340,Victoria 3,grand,3,0,1,0,1,0,0,0,0,0,0,0,0,0,1,0,0,0
224408450,529340,Victoria 3,grand,1,0,0,0,0,0,0,0,0,0,0,0,0,0,1,0,0,0
224402258,529340,Victoria 3,grand,2,0,0,0,1,1,0,0,0,0,0,0,0,0,0,0,0,0
224379492,529340,Victoria 3,grand,4,0,1,0,1,0,0,0,0,0,0,0,0,1,0,1,0,0
224366293,529340,Victoria 3,grand,3,1,0,0,0,0,1,0,0,0,0,0,0,0,0,1,0,0
224363833,529340,Victoria 3,grand,1,0,0,0,0,0,0,0,0,0,0,0,0,0,0,0,0,1
224356817,529340,Victoria 3,grand,4,1,0,0,0,1,0,0,0,1,0,0,0,0,0,1,0,0
224349623,529340,Victoria 3,grand,3,1,1,0,0,0,0,0,0,0,0,0,0,0,0,1,0,0
224347640,529340,Victoria 3,grand,1,0,0,0,1,0,0,0,0,0,0,0,0,0,0,0,0,0
224347144,529340,Victoria 3,grand,3,1,0,0,1,0,0,0,0,0,0,0,0,1,0,0,0,0
224346732,529340,Victoria 3,grand,2,1,0,0,1,0,0,0,0,0,0,0,0,0,0,0,0,0
224346302,529340,Victoria 3,grand,1,0,0,0,0,0,0,0,0,0,0,0,0,0,0,1,0,0
224343998,529340,Victoria 3,grand,3,0,1,0,1,1,0,0,0,0,0,0,0,0,0,0,0,0
224332982,529340,Victoria 3,grand,1,0,0,0,0,0,0,0,0,0,0,0,0,0,0,0,0,1
224332824,529340,Victoria 3,grand,1,0,0,0,1,0,0,0,0,0,0,0,0,0,0,0,0,0
224320442,529340,Victoria 3,grand,4,1,0,0,0,0,0,0,0,1,0,0,1,0,0,1,0,0
224312567,529340,Victoria 3,grand,3,0,1,0,0,0,1,0,0,0,0,0,1,0,0,0,0,0
224298385,529340,Victoria 3,grand,4,1,1,0,0,0,1,0,0,0,0,0,0,0,0,1,0,0
224282467,529340,Victoria 3,grand,1,0,0,0,0,0,0,0,0,0,0,0,0,0,0,0,0,1
224213268,529340,Victoria 3,grand,1,0,0,0,0,0,0,0,0,0,0,0,0,0,0,0,1,0
224170401,529340,Victoria 3,grand,1,0,0,0,0,0,0,0,0,0,0,0,0,0,0,0,0,1
224118246,529340,Victoria 3,grand,1,0,0,0,0,0,0,0,0,0,0,0,0,0,0,0,0,1
224095039,529340,Victoria 3,grand,4,1,1,0,1,1,0,0,0,0,0,0,0,0,0,0,0,0
224082456,529340,Victoria 3,grand,1,0,0,0,0,0,0,0,0,0,0,0,1,0,0,0,0,0
224042784,529340,Victoria 3,grand,1,0,0,0,0,0,0,0,0,0,0,0,0,1,0,0,0,0
224038351,529340,Victoria 3,grand,1,0,0,0,0,0,0,0,0,0,0,0,0,0,0,1,0,0
224015804,529340,Victoria 3,grand,1,0,0,0,0,0,0,0,0,0,0,0,0,0,0,0,1,0
223934718,529340,Victoria 3,grand,3,0,1,0,0,1,0,0,0,0,0,0,0,1,0,0,0,0
223831443,529340,Victoria 3,grand,1,0,0,0,0,0,0,0,0,0,0,0,0,1,0,0,0,0
223686792,529340,Victoria 3,grand,1,0,0,0,0,0,0,0,0,0,0,0,0,0,0,0,0,1
223606157,529340,Victoria 3,grand,4,0,1,0,1,1,0,0,0,0,0,0,0,0,1,0,0,0
223547677,529340,Victoria 3,grand,1,0,0,0,0,0,0,0,0,0,0,0,0,0,0,0,0,1
223431275,529340,Victoria 3,grand,2,0,0,0,0,0,1,0,0,1,0,0,0,0,0,0,0,0
223333126,529340,Victoria 3,grand,1,1,0,0,0,0,0,0,0,0,0,0,0,0,0,0,0,0
223300378,529340,Victoria 3,grand,1,0,0,0,0,0,0,0,0,0,0,0,0,0,0,0,0,1
223227674,529340,Victoria 3,grand,2,1,0,0,1,0,0,0,0,0,0,0,0,0,0,0,0,0
223064539,529340,Victoria 3,grand,6,1,1,0,1,0,0,0,1,0,0,0,0,1,0,1,0,0
222988833,529340,Victoria 3,grand,1,0,0,0,1,0,0,0,0,0,0,0,0,0,0,0,0,0
222974734,529340,Victoria 3,grand,2,0,0,0,1,0,0,0,0,0,0,0,0,1,0,0,0,0
222934868,529340,Victoria 3,grand,4,0,1,0,0,1,0,0,0,0,0,0,1,1,0,0,0,0
222920426,529340,Victoria 3,grand,1,0,1,0,0,0,0,0,0,0,0,0,0,0,0,0,0,0
222888273,529340,Victoria 3,grand,1,0,0,0,0,0,0,0,0,0,0,0,0,0,0,0,0,1
222862355,529340,Victoria 3,grand,2,1,0,0,0,0,0,0,0,0,0,0,0,1,0,0,0,0
222860636,529340,Victoria 3,grand,1,0,0,0,0,0,0,0,0,0,0,0,0,0,0,0,1,0
222815616,529340,Victoria 3,grand,1,0,0,0,0,0,0,0,0,0,0,0,0,0,0,0,0,1
222815610,529340,Victoria 3,grand,3,0,1,0,1,0,0,0,0,0,0,0,0,1,0,0,0,0
222809302,529340,Victoria 3,grand,1,0,1,0,0,0,0,0,0,0,0,0,0,0,0,0,0,0
222777634,529340,Victoria 3,grand,9,0,1,1,1,1,1,0,0,1,0,1,1,1,0,0,0,0
222763138,529340,Victoria 3,grand,3,1,1,0,1,0,0,0,0,0,0,0,0,0,0,0,0,0
222638421,529340,Victoria 3,grand,2,0,0,0,0,0,0,0,0,0,0,0,1,1,0,0,0,0
222629277,529340,Victoria 3,grand,3,0,1,0,1,0,0,0,0,0,1,0,0,0,0,0,0,0
222456814,529340,Victoria 3,grand,1,0,0,0,0,0,0,0,0,0,0,0,0,0,0,0,1,0
222419929,529340,Victoria 3,grand,1,0,0,0,0,0,0,0,0,0,0,0,0,0,0,0,0,1
222401997,529340,Victoria 3,grand,4,1,1,0,0,0,0,1,0,0,0,0,0,1,0,0,0,0
222355948,529340,Victoria 3,grand,1,0,0,0,0,0,0,0,0,0,0,0,0,1,0,0,0,0
222332376,529340,Victoria 3,grand,8,0,1,0,1,1,0,0,1,1,1,0,1,1,0,0,0,0
222134027,529340,Victoria 3,grand,2,0,1,0,0,0,1,0,0,0,0,0,0,0,0,0,0,0
222065608,529340,Victoria 3,grand,1,0,0,0,0,0,0,0,0,0,0,0,0,0,0,0,0,1
222055399,529340,Victoria 3,grand,2,0,1,0,0,0,0,0,0,0,0,0,1,0,0,0,0,0
221978735,529340,Victoria 3,grand,3,0,0,0,0,0,0,0,0,1,0,0,1,1,0,0,0,0
221899597,529340,Victoria 3,grand,1,0,0,0,0,0,0,0,0,0,0,0,0,0,0,0,1,0
221870462,529340,Victoria 3,grand,1,0,1,0,0,0,0,0,0,0,0,0,0,0,0,0,0,0
221844390,529340,Victoria 3,grand,4,0,1,0,1,0,0,0,0,0,0,0,0,1,1,0,0,0
221812558,529340,Victoria 3,grand,5,1,0,0,1,0,1,0,0,1,0,0,0,0,1,0,0,0
221766880,529340,Victoria 3,grand,1,0,0,0,0,0,0,0,0,0,0,0,0,0,0,0,0,1
221640809,529340,Victoria 3,grand,2,1,0,0,0,0,0,0,0,1,0,0,0,0,0,0,0,0
221500237,529340,Victoria 3,grand,3,0,1,0,1,0,0,0,0,0,1,0,0,0,0,0,0,0
221475530,529340,Victoria 3,grand,2,0,1,0,1,0,0,0,0,0,0,0,0,0,0,0,0,0
221445308,529340,Victoria 3,grand,2,1,0,0,1,0,0,0,0,0,0,0,0,0,0,0,0,0
221434416,529340,Victoria 3,grand,4,0,1,0,1,1,1,0,0,0,0,0,0,0,0,0,0,0
221138334,529340,Victoria 3,grand,2,1,0,0,0,0,0,0,0,0,0,0,0,0,0,1,0,0
221113663,529340,Victoria 3,grand,1,1,0,0,0,0,0,0,0,0,0,0,0,0,0,0,0,0
221027141,529340,Victoria 3,grand,2,0,1,0,0,0,0,0,0,0,0,0,0,1,0,0,0,0
221026082,529340,Victoria 3,grand,4,1,0,0,0,0,1,0,0,0,1,0,1,0,0,0,0,0
221018351,529340,Victoria 3,grand,4,1,1,0,0,0,1,0,0,0,0,0,0,1,0,0,0,0
220975517,529340,Victoria 3,grand,3,1,1,0,0,0,0,0,0,0,0,0,0,0,0,1,0,0
220947949,529340,Victoria 3,grand,1,0,1,0,0,0,0,0,0,0,0,0,0,0,0,0,0,0
220938439,529340,Victoria 3,grand,1,0,0,0,0,0,0,0,0,0,0,0,0,0,0,0,0,1
220911490,529340,Victoria 3,grand,2,1,0,0,0,0,1,0,0,0,0,0,0,0,0,0,0,0
220910105,529340,Victoria 3,grand,2,0,1,0,1,0,0,0,0,0,0,0,0,0,0,0,0,0
220893399,529340,Victoria 3,grand,1,1,0,0,0,0,0,0,0,0,0,0,0,0,0,0,0,0
220873962,529340,Victoria 3,grand,2,0,0,0,1,0,0,0,0,0,0,0,1,0,0,0,0,0
220865822,529340,Victoria 3,grand,1,0,0,0,0,0,0,0,0,0,0,0,0,0,0,0,0,1
220836065,529340,Victoria 3,grand,2,0,0,0,0,0,0,0,0,1,0,0,0,0,0,1,0,0
220825992,529340,Victoria 3,grand,1,0,0,0,0,0,1,0,0,0,0,0,0,0,0,0,0,0
220818121,529340,Victoria 3,grand,1,0,0,0,0,1,0,0,0,0,0,0,0,0,0,0,0,0
220791890,529340,Victoria 3,grand,1,0,0,0,0,0,0,0,0,0,0,0,0,0,0,0,0,1
220772020,529340,Victoria 3,grand,1,0,0,0,0,0,0,0,0,0,0,0,0,0,0,0,0,1
220751466,529340,Victoria 3,grand,1,0,0,0,0,0,0,0,0,1,0,0,0,0,0,0,0,0
220736269,529340,Victoria 3,grand,2,0,0,0,0,0,0,0,0,1,0,0,1,0,0,0,0,0
220727897,529340,Victoria 3,grand,2,0,0,0,0,1,0,0,0,1,0,0,0,0,0,0,0,0
220705004,529340,Victoria 3,grand,1,0,0,0,1,0,0,0,0,0,0,0,0,0,0,0,0,0
220697298,529340,Victoria 3,grand,1,0,0,0,1,0,0,0,0,0,0,0,0,0,0,0,0,0
220648496,529340,Victoria 3,grand,1,0,0,0,0,0,0,0,0,0,0,0,1,0,0,0,0,0
220638406,529340,Victoria 3,grand,3,1,1,0,0,0,0,0,0,0,1,0,0,0,0,0,0,0
220571312,529340,Victoria 3,grand,2,0,1,0,1,0,0,0,0,0,0,0,0,0,0,0,0,0
220558843,529340,Victoria 3,grand,1,0,0,0,0,0,0,0,0,0,0,0,0,0,0,0,1,0
220535230,529340,Victoria 3,grand,2,0,1,0,0,1,0,0,0,0,0,0,0,0,0,0,0,0
220513526,529340,Victoria 3,grand,1,0,0,0,0,0,0,0,0,0,0,0,0,0,0,0,1,0
220505324,529340,Victoria 3,grand,1,0,0,0,0,0,0,0,0,0,0,0,0,0,0,0,1,0
220472805,529340,Victoria 3,grand,1,0,0,0,0,0,0,0,0,0,0,0,0,0,0,0,0,1
220459397,529340,Victoria 3,grand,1,0,0,0,0,0,0,0,0,0,0,0,0,0,0,0,1,0
220432607,529340,Victoria 3,grand,1,1,0,0,0,0,0,0,0,0,0,0,0,0,0,0,0,0
220378992,529340,Victoria 3,grand,1,0,0,0,0,0,0,0,0,0,1,0,0,0,0,0,0,0
220370399,529340,Victoria 3,grand,4,0,1,0,1,0,1,0,0,0,0,0,0,0,0,1,0,0
220334514,529340,Victoria 3,grand,1,0,0,0,0,0,0,0,0,0,0,0,0,0,0,0,1,0
220288519,529340,Victoria 3,grand,1,0,0,0,0,0,0,0,0,0,0,0,0,0,0,0,0,1
231617496,333640,Caves of Qud,emergent,5,0,1,1,0,0,0,0,1,0,0,0,1,0,1,0,0,0
230409864,333640,Caves of Qud,emergent,3,0,0,0,0,0,1,0,0,1,0,0,0,1,0,0,0,0
229990516,333640,Caves of Qud,emergent,1,0,0,0,0,0,0,0,0,0,0,0,0,0,0,0,0,1
229823752,333640,Caves of Qud,emergent,7,1,1,0,0,0,0,0,0,1,1,0,1,1,0,1,0,0
229486152,333640,Caves of Qud,emergent,2,0,0,0,0,0,0,0,1,0,1,0,0,0,0,0,0,0
229408672,333640,Caves of Qud,emergent,1,1,0,0,0,0,0,0,0,0,0,0,0,0,0,0,0,0
229002847,333640,Caves of Qud,emergent,1,0,0,0,0,0,0,0,0,0,0,0,0,1,0,0,0,0
227912692,333640,Caves of Qud,emergent,1,0,0,0,0,0,0,0,0,0,0,0,0,0,0,0,0,1
227832203,333640,Caves of Qud,emergent,1,0,0,0,0,0,0,0,0,0,0,0,0,0,0,0,0,1
227823242,333640,Caves of Qud,emergent,1,0,0,0,0,1,0,0,0,0,0,0,0,0,0,0,0,0
227804425,333640,Caves of Qud,emergent,1,0,0,0,0,0,0,0,0,0,0,0,0,1,0,0,0,0
227743964,333640,Caves of Qud,emergent,5,1,0,0,0,0,0,0,1,0,1,0,1,1,0,0,0,0
227385680,333640,Caves of Qud,emergent,11,0,1,1,1,1,1,0,1,1,1,0,1,1,1,0,0,0
227159677,333640,Caves of Qud,emergent,1,0,0,0,0,0,0,0,0,0,0,0,0,0,0,0,0,1
227114045,333640,Caves of Qud,emergent,2,1,1,0,0,0,0,0,0,0,0,0,0,0,0,0,0,0
226984670,333640,Caves of Qud,emergent,3,0,0,0,0,0,1,0,1,1,0,0,0,0,0,0,0,0
226866233,333640,Caves of Qud,emergent,2,0,1,0,0,0,0,0,0,0,0,0,0,1,0,0,0,0
226690894,333640,Caves of Qud,emergent,1,0,0,0,0,0,0,0,0,0,0,0,0,0,0,0,0,1
226465600,333640,Caves of Qud,emergent,1,0,0,0,0,0,0,0,0,0,0,0,0,0,0,0,0,1
226437208,333640,Caves of Qud,emergent,1,0,0,0,0,0,0,0,0,0,0,0,1,0,0,0,0,0
226202081,333640,Caves of Qud,emergent,1,0,0,0,0,0,0,0,0,0,0,0,0,0,0,0,1,0
225903531,333640,Caves of Qud,emergent,3,1,0,1,0,0,0,0,0,0,0,0,0,1,0,0,0,0
225606931,333640,Caves of Qud,emergent,7,0,0,1,0,1,1,0,1,1,1,0,1,0,0,0,0,0
225195342,333640,Caves of Qud,emergent,5,0,1,0,0,1,0,0,1,1,0,0,0,1,0,0,0,0
225071273,333640,Caves of Qud,emergent,3,0,0,0,1,0,0,0,0,1,1,0,0,0,0,0,0,0
224989827,333640,Caves of Qud,emergent,2,0,0,0,1,0,0,0,0,0,0,0,0,1,0,0,0,0
224498683,333640,Caves of Qud,emergent,2,0,0,0,0,0,1,0,0,0,0,0,0,1,0,0,0,0
224042317,333640,Caves of Qud,emergent,2,0,0,0,0,0,0,0,0,0,0,0,1,1,0,0,0,0
223233081,333640,Caves of Qud,emergent,6,0,1,1,0,1,0,0,0,1,0,0,0,1,0,1,0,0
223017147,333640,Caves of Qud,emergent,2,0,0,0,0,1,0,0,1,0,0,0,0,0,0,0,0,0
222895720,333640,Caves of Qud,emergent,1,0,0,0,0,0,1,0,0,0,0,0,0,0,0,0,0,0
222829538,333640,Caves of Qud,emergent,1,0,0,0,0,0,0,0,0,0,0,0,0,0,0,0,0,1
222760682,333640,Caves of Qud,emergent,5,0,1,0,0,0,0,1,0,1,1,0,1,0,0,0,0,0
222465613,333640,Caves of Qud,emergent,1,0,0,0,0,0,0,0,0,0,0,1,0,0,0,0,0,0
222244907,333640,Caves of Qud,emergent,3,0,0,0,0,0,1,0,0,1,0,0,0,1,0,0,0,0
221438891,333640,Caves of Qud,emergent,3,0,0,1,0,0,1,0,0,0,0,0,0,1,0,0,0,0
220529999,333640,Caves of Qud,emergent,1,0,0,0,0,0,0,0,0,0,0,0,0,0,0,0,0,1
220393814,333640,Caves of Qud,emergent,2,0,0,0,0,0,0,0,0,0,0,0,1,1,0,0,0,0
220350233,333640,Caves of Qud,emergent,1,0,0,0,0,0,1,0,0,0,0,0,0,0,0,0,0,0
220239126,333640,Caves of Qud,emergent,1,0,0,0,0,0,0,0,0,0,0,0,0,0,0,0,0,1
220137957,333640,Caves of Qud,emergent,3,0,0,1,0,0,0,0,0,1,0,0,0,1,0,0,0,0
219970780,333640,Caves of Qud,emergent,1,0,0,0,0,0,0,0,0,0,0,0,0,0,0,0,1,0
219858315,333640,Caves of Qud,emergent,1,0,0,0,0,0,0,0,0,1,0,0,0,0,0,0,0,0
218648123,333640,Caves of Qud,emergent,1,0,0,0,0,0,0,0,0,0,0,0,1,0,0,0,0,0
218419297,333640,Caves of Qud,emergent,1,0,0,0,0,0,0,0,0,0,0,0,0,0,0,0,0,1
217319054,333640,Caves of Qud,emergent,1,0,0,0,0,0,0,0,0,0,0,0,0,0,0,0,0,1
215840749,333640,Caves of Qud,emergent,1,0,0,0,0,1,0,0,0,0,0,0,0,0,0,0,0,0
215468419,333640,Caves of Qud,emergent,1,0,0,0,0,0,0,0,0,0,0,0,0,0,0,0,1,0
215375668,333640,Caves of Qud,emergent,1,0,0,0,0,0,0,0,1,0,0,0,0,0,0,0,0,0
215263290,333640,Caves of Qud,emergent,2,0,0,0,0,0,0,0,0,0,1,0,1,0,0,0,0,0
214978825,333640,Caves of Qud,emergent,1,0,0,0,0,0,0,0,0,0,0,0,0,0,0,0,0,1
214974109,333640,Caves of Qud,emergent,1,0,0,1,0,0,0,0,0,0,0,0,0,0,0,0,0,0
214510598,333640,Caves of Qud,emergent,6,0,0,1,0,0,0,0,1,1,1,0,1,0,1,0,0,0
214433453,333640,Caves of Qud,emergent,7,1,0,0,0,0,0,0,1,1,1,0,1,1,1,0,0,0
214363181,333640,Caves of Qud,emergent,1,0,0,0,0,0,0,0,0,0,0,0,0,0,0,0,0,1
214308077,333640,Caves of Qud,emergent,1,0,0,0,0,0,0,0,0,0,1,0,0,0,0,0,0,0
214138399,333640,Caves of Qud,emergent,1,0,0,0,0,0,0,0,0,0,0,0,0,0,0,0,0,1
213958329,333640,Caves of Qud,emergent,3,1,1,0,0,0,1,0,0,0,0,0,0,0,0,0,0,0
213876966,333640,Caves of Qud,emergent,4,0,0,1,0,0,0,0,0,1,0,0,1,0,1,0,0,0
213248961,333640,Caves of Qud,emergent,1,0,0,0,0,0,0,0,0,0,0,1,0,0,0,0,0,0
211789836,333640,Caves of Qud,emergent,5,1,0,1,0,1,0,0,1,1,0,0,0,0,0,0,0,0
211321515,333640,Caves of Qud,emergent,1,0,0,0,0,0,1,0,0,0,0,0,0,0,0,0,0,0
211047994,333640,Caves of Qud,emergent,1,0,0,0,0,0,0,0,0,0,0,0,0,0,0,0,0,1
211035618,333640,Caves of Qud,emergent,1,0,0,0,0,0,0,0,0,0,0,0,0,1,0,0,0,0
231813665,233860,Kenshi,emergent,1,0,0,0,0,0,0,0,0,0,0,0,0,0,0,0,0,1
231767418,233860,Kenshi,emergent,1,1,0,0,0,0,0,0,0,0,0,0,0,0,0,0,0,0
231613977,233860,Kenshi,emergent,2,1,0,0,0,0,0,0,0,0,0,0,0,1,0,0,0,0
231455720,233860,Kenshi,emergent,1,0,0,0,0,0,0,0,0,0,0,0,0,0,0,0,0,1
231455552,233860,Kenshi,emergent,2,1,0,0,0,0,0,1,0,0,0,0,0,0,0,0,0,0
231405401,233860,Kenshi,emergent,1,0,0,0,0,0,0,0,0,0,0,0,0,0,0,0,0,1
231390318,233860,Kenshi,emergent,2,0,0,1,0,0,0,0,0,0,1,0,0,0,0,0,0,0
231346120,233860,Kenshi,emergent,4,0,1,0,1,1,0,0,0,0,0,0,1,0,0,0,0,0
231256908,233860,Kenshi,emergent,2,0,0,0,0,0,0,0,0,0,1,0,1,0,0,0,0,0
231172678,233860,Kenshi,emergent,4,1,0,0,0,1,0,0,0,0,0,0,1,0,1,0,0,0
231030545,233860,Kenshi,emergent,2,0,1,0,0,1,0,0,0,0,0,0,0,0,0,0,0,0
231018964,233860,Kenshi,emergent,1,0,0,0,0,0,0,0,0,0,0,0,0,0,0,0,1,0
230848692,233860,Kenshi,emergent,1,0,0,0,0,0,0,0,0,0,1,0,0,0,0,0,0,0
230744852,233860,Kenshi,emergent,2,0,0,0,0,0,0,1,0,1,0,0,0,0,0,0,0,0
230720281,233860,Kenshi,emergent,1,0,0,0,0,0,0,0,0,0,0,0,0,1,0,0,0,0
230664596,233860,Kenshi,emergent,4,1,0,0,1,1,0,0,0,1,0,0,0,0,0,0,0,0
230664045,233860,Kenshi,emergent,4,1,0,0,0,1,0,0,0,0,0,0,0,1,1,0,0,0
230652727,233860,Kenshi,emergent,1,0,0,0,0,0,0,0,0,0,0,0,0,0,0,0,0,1
230652055,233860,Kenshi,emergent,1,0,0,0,0,0,0,0,0,0,0,0,0,0,0,0,0,1
230632734,233860,Kenshi,emergent,2,0,0,0,0,1,0,0,0,0,0,0,0,0,0,1,0,0
230490935,233860,Kenshi,emergent,1,0,0,0,0,0,0,0,0,0,0,0,0,0,0,0,0,1
230487631,233860,Kenshi,emergent,1,0,0,0,0,0,0,0,0,0,0,0,0,0,0,0,1,0
230449470,233860,Kenshi,emergent,3,0,0,1,0,0,0,0,0,0,1,0,1,0,0,0,0,0
230439746,233860,Kenshi,emergent,1,0,0,0,0,0,0,0,0,0,0,0,0,0,0,0,0,1
230349950,233860,Kenshi,emergent,1,0,0,0,0,0,0,0,0,0,0,0,0,0,0,0,0,1
230327024,233860,Kenshi,emergent,1,0,0,0,0,1,0,0,0,0,0,0,0,0,0,0,0,0
230240415,233860,Kenshi,emergent,1,0,0,0,0,0,1,0,0,0,0,0,0,0,0,0,0,0
230190599,233860,Kenshi,emergent,1,0,0,0,0,0,0,0,0,0,0,0,0,0,0,0,0,1
230152959,233860,Kenshi,emergent,1,0,0,0,0,0,0,0,0,0,0,0,0,0,0,0,1,0
230097980,233860,Kenshi,emergent,2,1,0,0,0,0,0,0,0,0,0,0,0,0,1,0,0,0
230086903,233860,Kenshi,emergent,1,0,0,0,0,0,0,0,0,0,0,0,0,0,0,0,0,1
230084607,233860,Kenshi,emergent,1,0,0,0,0,0,0,0,0,0,0,0,0,0,0,0,1,0
229708067,233860,Kenshi,emergent,1,0,0,0,0,0,0,0,0,0,0,0,0,0,0,0,0,1
229654561,233860,Kenshi,emergent,1,0,0,0,0,0,0,0,0,0,0,0,0,0,0,0,0,1
229209965,233860,Kenshi,emergent,1,0,0,0,0,0,0,0,0,0,1,0,0,0,0,0,0,0
228956512,233860,Kenshi,emergent,1,0,0,0,0,0,0,0,0,0,0,0,0,0,0,0,1,0
228902944,233860,Kenshi,emergent,1,0,0,0,0,0,0,0,0,0,0,0,0,0,0,0,0,1
228764375,233860,Kenshi,emergent,2,1,0,0,0,0,1,0,0,0,0,0,0,0,0,0,0,0
228753969,233860,Kenshi,emergent,1,1,0,0,0,0,0,0,0,0,0,0,0,0,0,0,0,0
228746519,233860,Kenshi,emergent,1,0,0,0,0,0,0,0,0,0,0,0,0,1,0,0,0,0
228612937,233860,Kenshi,emergent,1,0,0,0,0,0,0,0,0,0,0,0,0,0,0,0,1,0
228562445,233860,Kenshi,emergent,1,0,0,0,0,0,0,0,0,0,0,0,0,0,0,0,0,1
228487006,233860,Kenshi,emergent,1,0,0,0,0,0,0,0,0,0,0,0,0,0,0,0,0,1
228460131,233860,Kenshi,emergent,1,1,0,0,0,0,0,0,0,0,0,0,0,0,0,0,0,0
228364168,233860,Kenshi,emergent,1,0,0,0,0,0,0,0,0,0,0,0,0,0,0,0,1,0
228032583,233860,Kenshi,emergent,1,0,0,0,0,0,0,0,0,0,0,0,1,0,0,0,0,0
228010228,233860,Kenshi,emergent,2,1,0,0,0,0,0,0,0,1,0,0,0,0,0,0,0,0
227895087,233860,Kenshi,emergent,1,0,0,0,0,0,0,0,0,0,0,0,0,0,0,0,0,1
227840873,233860,Kenshi,emergent,5,1,0,1,0,0,0,0,0,0,0,0,1,1,1,0,0,0
227804321,233860,Kenshi,emergent,1,0,0,0,0,0,0,0,0,0,0,0,0,0,0,0,0,1
227700097,233860,Kenshi,emergent,3,1,0,0,0,0,0,1,0,0,0,0,0,1,0,0,0,0
227581968,233860,Kenshi,emergent,1,0,0,0,0,0,0,0,0,0,0,0,0,0,1,0,0,0
227518601,233860,Kenshi,emergent,1,0,0,0,0,0,0,0,0,0,0,0,0,0,0,0,1,0
227466914,233860,Kenshi,emergent,1,1,0,0,0,0,0,0,0,0,0,0,0,0,0,0,0,0
227448066,233860,Kenshi,emergent,1,0,0,0,0,0,0,0,0,0,0,0,0,1,0,0,0,0
227412614,233860,Kenshi,emergent,1,0,0,0,0,0,0,0,0,0,0,0,0,1,0,0,0,0
227352672,233860,Kenshi,emergent,3,0,0,0,0,0,1,0,0,0,0,0,0,1,0,1,0,0
227339978,233860,Kenshi,emergent,1,0,0,0,0,0,0,0,0,0,0,0,0,0,0,0,0,1
227294448,233860,Kenshi,emergent,4,0,0,1,0,1,0,0,0,0,1,0,1,0,0,0,0,0
227280710,233860,Kenshi,emergent,2,1,0,0,0,0,0,0,0,0,0,0,0,0,1,0,0,0
227211065,233860,Kenshi,emergent,4,1,0,1,0,0,0,0,0,0,1,0,1,0,0,0,0,0
227135902,233860,Kenshi,emergent,1,1,0,0,0,0,0,0,0,0,0,0,0,0,0,0,0,0
227096184,233860,Kenshi,emergent,1,0,0,0,0,0,0,0,0,0,0,0,0,0,0,0,0,1
227064705,233860,Kenshi,emergent,3,0,0,1,0,0,0,0,0,1,0,0,0,1,0,0,0,0
227062947,233860,Kenshi,emergent,1,1,0,0,0,0,0,0,0,0,0,0,0,0,0,0,0,0
227024633,233860,Kenshi,emergent,2,0,0,0,0,0,0,1,0,0,0,0,0,1,0,0,0,0
226989916,233860,Kenshi,emergent,3,0,1,0,0,0,1,0,0,0,0,0,0,1,0,0,0,0
226981223,233860,Kenshi,emergent,2,1,0,0,0,0,0,0,0,0,0,0,1,0,0,0,0,0
226972174,233860,Kenshi,emergent,1,1,0,0,0,0,0,0,0,0,0,0,0,0,0,0,0,0
226955648,233860,Kenshi,emergent,4,1,0,1,1,1,0,0,0,0,0,0,0,0,0,0,0,0
226952640,233860,Kenshi,emergent,1,0,0,0,0,0,0,0,0,0,0,0,0,0,0,0,0,1
226928573,233860,Kenshi,emergent,3,0,0,0,1,0,1,0,0,0,0,0,0,1,0,0,0,0
226920278,233860,Kenshi,emergent,7,1,1,1,0,0,0,0,0,1,1,0,1,0,0,1,0,0
226889847,233860,Kenshi,emergent,1,0,0,0,0,0,0,0,0,0,0,0,0,1,0,0,0,0
226882543,233860,Kenshi,emergent,1,0,0,0,0,0,0,0,0,0,0,0,0,0,0,0,0,1
226860605,233860,Kenshi,emergent,3,0,0,0,0,0,1,1,0,0,0,0,0,1,0,0,0,0
226857207,233860,Kenshi,emergent,2,0,1,0,0,0,0,0,0,0,0,0,0,0,1,0,0,0
226821271,233860,Kenshi,emergent,1,0,0,0,0,0,0,0,0,0,0,0,0,0,0,0,0,1
226809257,233860,Kenshi,emergent,4,0,0,1,0,0,0,0,0,0,0,0,1,1,1,0,0,0
226786303,233860,Kenshi,emergent,1,0,0,0,0,0,0,0,0,0,0,0,1,0,0,0,0,0
226768137,233860,Kenshi,emergent,1,0,0,0,0,0,0,0,0,0,0,0,0,0,0,0,0,1
226711499,233860,Kenshi,emergent,1,0,0,0,0,0,0,0,0,0,0,0,0,0,0,0,0,1
226684241,233860,Kenshi,emergent,3,0,0,0,0,0,1,0,0,0,0,0,0,1,0,1,0,0
226668605,233860,Kenshi,emergent,1,0,0,0,0,0,0,0,0,0,0,0,0,0,1,0,0,0
226657808,233860,Kenshi,emergent,1,0,0,1,0,0,0,0,0,0,0,0,0,0,0,0,0,0
226648574,233860,Kenshi,emergent,3,1,0,0,0,0,0,0,0,0,0,0,0,1,0,1,0,0
226640001,233860,Kenshi,emergent,1,1,0,0,0,0,0,0,0,0,0,0,0,0,0,0,0,0
226635766,233860,Kenshi,emergent,1,0,0,0,0,0,0,0,0,0,0,1,0,0,0,0,0,0
231477946,763890,Wildermyth,emergent,1,0,0,0,0,0,0,0,0,0,0,0,0,1,0,0,0,0
229562099,763890,Wildermyth,emergent,3,0,0,1,0,0,1,0,0,1,0,0,0,0,0,0,0,0
229159154,763890,Wildermyth,emergent,2,0,0,0,0,1,0,0,0,0,1,0,0,0,0,0,0,0
228954099,763890,Wildermyth,emergent,1,0,0,0,0,0,0,0,0,0,0,0,0,0,0,0,0,1
226967092,763890,Wildermyth,emergent,1,0,0,0,0,0,0,0,0,0,0,0,0,0,0,0,0,1
226721764,763890,Wildermyth,emergent,1,0,0,0,0,0,0,0,0,0,0,0,0,0,0,0,0,1
225374434,763890,Wildermyth,emergent,1,0,0,0,0,0,0,0,0,1,0,0,0,0,0,0,0,0
225308949,763890,Wildermyth,emergent,1,0,0,0,0,0,0,0,0,0,0,0,0,0,0,0,0,1
225069949,763890,Wildermyth,emergent,1,0,0,0,0,0,0,0,0,0,1,0,0,0,0,0,0,0
224808114,763890,Wildermyth,emergent,1,0,0,0,0,0,0,0,0,0,0,0,0,1,0,0,0,0
224296122,763890,Wildermyth,emergent,3,0,0,0,0,1,0,0,0,1,0,0,0,0,0,1,0,0
223887340,763890,Wildermyth,emergent,1,0,0,0,0,0,0,0,0,0,0,0,0,0,0,0,0,1
223807946,763890,Wildermyth,emergent,1,0,0,0,0,0,0,0,0,0,0,0,0,0,0,0,0,1
220790430,763890,Wildermyth,emergent,2,0,0,0,0,1,1,0,0,0,0,0,0,0,0,0,0,0
219903649,763890,Wildermyth,emergent,1,0,0,0,0,0,0,0,0,0,0,0,0,0,0,0,0,1
219476783,763890,Wildermyth,emergent,5,0,0,1,0,0,0,0,0,1,1,0,1,1,0,0,0,0
218973549,763890,Wildermyth,emergent,1,0,0,0,0,0,0,0,0,0,0,0,0,0,0,0,0,1
218106813,763890,Wildermyth,emergent,1,0,0,0,0,0,0,0,0,0,0,0,0,0,0,0,1,0
217880066,763890,Wildermyth,emergent,1,0,0,0,0,0,0,0,0,0,0,0,0,0,0,0,0,1
217318783,763890,Wildermyth,emergent,1,0,0,0,0,0,0,0,0,0,0,0,0,0,0,0,0,1
217002175,763890,Wildermyth,emergent,1,0,0,0,0,0,0,0,0,0,0,0,0,0,0,0,0,1
216891509,763890,Wildermyth,emergent,1,0,0,0,0,0,0,0,0,0,0,0,0,0,0,0,0,1
215926890,763890,Wildermyth,emergent,1,0,0,0,0,0,0,0,0,0,0,0,1,0,0,0,0,0
215383324,763890,Wildermyth,emergent,1,0,0,0,0,0,0,0,0,0,0,0,0,0,0,0,0,1
214589990,763890,Wildermyth,emergent,1,0,0,0,0,0,0,0,0,0,1,0,0,0,0,0,0,0
211448726,763890,Wildermyth,emergent,1,0,0,0,0,0,0,0,0,0,0,0,0,0,0,0,0,1
209707960,763890,Wildermyth,emergent,1,0,0,0,0,0,0,0,0,0,0,0,0,0,0,0,0,1
209346591,763890,Wildermyth,emergent,1,0,0,0,0,0,0,0,0,0,0,0,0,0,0,0,1,0
208807030,763890,Wildermyth,emergent,1,0,0,0,0,0,0,0,0,0,0,0,0,1,0,0,0,0
208462520,763890,Wildermyth,emergent,2,0,1,0,0,0,1,0,0,0,0,0,0,0,0,0,0,0
207434522,763890,Wildermyth,emergent,1,0,0,0,0,0,0,0,0,0,1,0,0,0,0,0,0,0
206738850,763890,Wildermyth,emergent,1,0,0,0,0,0,0,0,0,1,0,0,0,0,0,0,0,0
204824653,763890,Wildermyth,emergent,6,0,0,0,0,0,0,0,1,1,1,0,1,1,0,1,0,0
203585146,763890,Wildermyth,emergent,5,1,1,1,1,0,0,0,0,1,0,0,0,0,0,0,0,0
202408961,763890,Wildermyth,emergent,1,0,0,0,0,0,0,0,0,0,1,0,0,0,0,0,0,0
202369430,763890,Wildermyth,emergent,1,0,0,0,0,0,0,0,0,0,0,0,0,0,0,0,0,1
202007916,763890,Wildermyth,emergent,1,0,0,0,0,0,0,0,0,0,0,0,1,0,0,0,0,0
201363273,763890,Wildermyth,emergent,1,0,0,0,0,0,0,0,0,0,0,0,0,0,0,0,1,0
200516484,763890,Wildermyth,emergent,1,0,0,0,0,0,0,0,0,0,0,0,0,1,0,0,0,0
200188122,763890,Wildermyth,emergent,2,0,0,0,0,0,1,0,0,0,0,0,1,0,0,0,0,0
199751945,763890,Wildermyth,emergent,1,1,0,0,0,0,0,0,0,0,0,0,0,0,0,0,0,0
199602870,763890,Wildermyth,emergent,3,0,0,1,0,0,1,0,0,0,0,0,1,0,0,0,0,0
199422275,763890,Wildermyth,emergent,1,0,0,0,0,0,0,0,0,0,0,0,1,0,0,0,0,0
199049518,763890,Wildermyth,emergent,1,0,0,0,0,0,0,0,0,1,0,0,0,0,0,0,0,0
198984710,763890,Wildermyth,emergent,1,0,0,0,0,0,0,0,0,0,0,0,0,0,0,0,1,0
198316643,763890,Wildermyth,emergent,2,0,0,0,0,0,1,0,0,0,0,0,0,1,0,0,0,0
197554516,763890,Wildermyth,emergent,1,0,0,0,0,0,0,0,0,0,0,0,0,0,0,0,0,1
196529440,763890,Wildermyth,emergent,4,0,1,0,0,0,0,0,1,0,1,0,1,0,0,0,0,0
196461394,763890,Wildermyth,emergent,1,0,0,0,0,0,0,0,0,0,0,0,0,0,0,0,0,1
196384049,763890,Wildermyth,emergent,1,0,0,0,0,0,0,0,0,0,0,0,0,0,0,0,0,1
194571327,763890,Wildermyth,emergent,3,0,0,1,0,0,1,0,0,0,1,0,0,0,0,0,0,0
193875530,763890,Wildermyth,emergent,1,0,0,0,0,0,0,0,0,0,0,0,1,0,0,0,0,0
193839690,763890,Wildermyth,emergent,3,0,0,0,0,0,0,0,0,1,1,0,1,0,0,0,0,0
193797057,763890,Wildermyth,emergent,4,0,1,0,1,0,0,0,1,1,0,0,0,0,0,0,0,0
193778576,763890,Wildermyth,emergent,2,0,0,0,0,0,0,0,0,1,1,0,0,0,0,0,0,0
193403148,763890,Wildermyth,emergent,1,0,0,0,0,0,0,0,0,0,0,0,1,0,0,0,0,0
191498904,763890,Wildermyth,emergent,2,0,0,0,0,0,0,0,0,0,0,0,1,1,0,0,0,0
191266546,763890,Wildermyth,emergent,1,0,0,0,0,0,0,0,0,0,0,0,0,1,0,0,0,0
190975416,763890,Wildermyth,emergent,2,0,0,0,0,0,0,0,0,0,1,0,1,0,0,0,0,0
190179017,763890,Wildermyth,emergent,3,1,0,0,0,0,0,0,0,0,0,0,0,1,0,1,0,0
189257759,763890,Wildermyth,emergent,1,0,0,0,0,0,0,0,1,0,0,0,0,0,0,0,0,0
188363126,763890,Wildermyth,emergent,1,0,0,0,0,0,0,0,0,0,0,0,0,0,0,0,0,1
187500497,763890,Wildermyth,emergent,1,0,0,0,0,0,0,0,0,0,0,0,0,0,0,0,0,1
187314994,763890,Wildermyth,emergent,2,0,0,1,0,0,0,0,0,1,0,0,0,0,0,0,0,0
186200858,763890,Wildermyth,emergent,2,0,0,0,0,1,0,0,0,0,0,0,1,0,0,0,0,0
185161938,763890,Wildermyth,emergent,4,0,0,0,0,0,0,0,0,1,1,0,1,0,1,0,0,0
184741204,763890,Wildermyth,emergent,1,0,0,0,0,0,0,0,0,0,1,0,0,0,0,0,0,0
184058173,763890,Wildermyth,emergent,2,0,0,0,0,0,0,0,0,0,1,1,0,0,0,0,0,0
184017522,763890,Wildermyth,emergent,2,0,0,0,0,1,0,0,0,1,0,0,0,0,0,0,0,0
182419518,763890,Wildermyth,emergent,1,0,0,0,0,0,0,0,0,0,0,0,0,0,0,0,0,1
181541496,763890,Wildermyth,emergent,1,0,0,0,0,0,0,0,0,0,0,0,0,0,0,0,0,1
179280199,763890,Wildermyth,emergent,2,0,0,0,0,0,0,0,0,0,1,1,0,0,0,0,0,0
179099793,763890,Wildermyth,emergent,1,0,0,0,0,0,0,0,0,0,0,0,0,0,0,0,1,0
178783006,763890,Wildermyth,emergent,3,0,1,0,1,0,0,0,0,0,0,0,0,0,1,0,0,0
178645876,763890,Wildermyth,emergent,1,0,0,0,0,0,0,0,0,0,0,0,0,0,0,0,0,1
178596051,763890,Wildermyth,emergent,1,0,0,0,0,0,0,0,0,0,0,0,0,0,0,0,0,1
178459865,763890,Wildermyth,emergent,1,0,0,0,0,0,0,0,0,0,1,0,0,0,0,0,0,0
178188953,763890,Wildermyth,emergent,1,0,0,0,0,0,0,0,0,0,0,0,0,0,0,0,0,1
177519591,763890,Wildermyth,emergent,2,1,0,0,0,0,0,1,0,0,0,0,0,0,0,0,0,0
176501964,763890,Wildermyth,emergent,1,0,0,0,0,0,0,0,0,0,0,0,1,0,0,0,0,0
176479949,763890,Wildermyth,emergent,1,0,0,0,0,0,0,0,0,0,0,0,0,0,0,0,0,1
176466391,763890,Wildermyth,emergent,2,0,0,0,0,0,0,0,1,0,1,0,0,0,0,0,0,0
176197274,763890,Wildermyth,emergent,1,0,0,0,0,0,0,0,0,0,0,0,0,0,0,0,0,1
176180120,763890,Wildermyth,emergent,1,0,0,0,0,0,0,0,0,0,0,0,1,0,0,0,0,0
175713806,763890,Wildermyth,emergent,1,0,0,0,0,0,0,0,0,0,0,0,0,0,0,0,1,0
174302091,763890,Wildermyth,emergent,2,0,0,0,0,0,1,0,0,0,1,0,0,0,0,0,0,0
173476022,763890,Wildermyth,emergent,2,0,0,0,0,0,0,0,0,0,1,0,1,0,0,0,0,0
173123249,763890,Wildermyth,emergent,1,1,0,0,0,0,0,0,0,0,0,0,0,0,0,0,0,0
172332048,763890,Wildermyth,emergent,4,0,0,0,0,0,0,0,1,1,1,0,0,0,1,0,0,0
172200344,763890,Wildermyth,emergent,3,1,0,0,0,0,1,0,0,0,0,0,0,1,0,0,0,0
170632578,763890,Wildermyth,emergent,3,0,0,1,0,1,1,0,0,0,0,0,0,0,0,0,0,0
170226245,763890,Wildermyth,emergent,1,0,0,0,0,0,0,0,0,0,0,0,0,0,0,0,0,1
170200254,763890,Wildermyth,emergent,1,0,0,0,0,0,0,0,0,0,0,0,0,0,0,0,1,0
168949550,763890,Wildermyth,emergent,1,0,0,0,0,0,0,0,0,0,0,0,0,0,0,0,0,1
168862522,763890,Wildermyth,emergent,4,0,0,0,0,0,0,0,1,1,1,0,1,0,0,0,0,0
168637118,763890,Wildermyth,emergent,1,0,0,0,0,0,0,0,0,0,0,1,0,0,0,0,0,0
168636814,763890,Wildermyth,emergent,1,0,0,0,0,0,0,0,0,0,0,0,1,0,0,0,0,0
168460568,763890,Wildermyth,emergent,1,0,0,0,0,0,0,0,0,0,0,0,0,0,0,0,1,0
168453270,763890,Wildermyth,emergent,1,0,0,0,0,0,0,0,0,0,1,0,0,0,0,0,0,0
168237147,763890,Wildermyth,emergent,1,0,0,0,0,0,0,0,0,0,0,0,0,0,0,0,0,1
231812652,986130,Shadows of Doubt,emergent,1,1,0,0,0,0,0,0,0,0,0,0,0,0,0,0,0,0
231809198,986130,Shadows of Doubt,emergent,2,1,1,0,0,0,0,0,0,0,0,0,0,0,0,0,0,0
231595480,986130,Shadows of Doubt,emergent,1,0,0,0,0,0,0,0,0,0,0,0,0,0,1,0,0,0
231556067,986130,Shadows of Doubt,emergent,2,1,1,0,0,0,0,0,0,0,0,0,0,0,0,0,0,0
231497138,986130,Shadows of Doubt,emergent,5,1,0,0,0,1,0,1,0,0,0,0,0,0,1,1,0,0
231475585,986130,Shadows of Doubt,emergent,2,1,0,0,0,0,0,0,0,0,0,0,0,0,1,0,0,0
231418277,986130,Shadows of Doubt,emergent,1,1,0,0,0,0,0,0,0,0,0,0,0,0,0,0,0,0
231384034,986130,Shadows of Doubt,emergent,1,1,0,0,0,0,0,0,0,0,0,0,0,0,0,0,0,0
231229330,986130,Shadows of Doubt,emergent,1,0,0,0,0,0,0,0,0,0,0,0,0,0,0,0,1,0
231217692,986130,Shadows of Doubt,emergent,2,0,1,0,0,0,0,0,0,0,0,0,0,0,1,0,0,0
231203050,986130,Shadows of Doubt,emergent,1,0,0,0,0,0,0,0,0,0,0,0,0,0,0,0,0,1
231101167,986130,Shadows of Doubt,emergent,1,1,0,0,0,0,0,0,0,0,0,0,0,0,0,0,0,0
231018944,986130,Shadows of Doubt,emergent,2,1,0,0,0,0,0,1,0,0,0,0,0,0,0,0,0,0
230903897,986130,Shadows of Doubt,emergent,1,0,0,0,0,0,0,0,0,0,0,0,0,0,0,0,1,0
230804431,986130,Shadows of Doubt,emergent,2,0,0,0,0,0,0,0,0,0,0,0,0,0,1,1,0,0
230797036,986130,Shadows of Doubt,emergent,4,1,0,0,0,0,0,1,0,0,1,0,0,0,1,0,0,0
230773119,986130,Shadows of Doubt,emergent,1,0,0,0,0,1,0,0,0,0,0,0,0,0,0,0,0,0
230739450,986130,Shadows of Doubt,emergent,1,0,0,0,0,0,0,0,0,0,0,0,0,0,0,0,0,1
230714787,986130,Shadows of Doubt,emergent,2,0,1,0,0,0,0,0,0,0,0,0,0,0,1,0,0,0
230695013,986130,Shadows of Doubt,emergent,4,1,1,0,0,1,0,0,0,0,0,0,0,0,1,0,0,0
230630295,986130,Shadows of Doubt,emergent,2,0,0,0,0,1,0,0,0,0,0,0,0,0,1,0,0,0
230617880,986130,Shadows of Doubt,emergent,1,0,0,0,0,0,0,0,0,0,0,0,0,0,0,0,0,1
230606113,986130,Shadows of Doubt,emergent,1,0,0,0,0,0,0,0,0,0,0,0,0,0,1,0,0,0
230589596,986130,Shadows of Doubt,emergent,1,1,0,0,0,0,0,0,0,0,0,0,0,0,0,0,0,0
230574986,986130,Shadows of Doubt,emergent,2,0,0,0,0,1,0,0,1,0,0,0,0,0,0,0,0,0
230552753,986130,Shadows of Doubt,emergent,2,0,0,0,0,1,1,0,0,0,0,0,0,0,0,0,0,0
230519681,986130,Shadows of Doubt,emergent,1,0,0,0,0,0,0,0,0,0,0,0,0,0,1,0,0,0
230440879,986130,Shadows of Doubt,emergent,1,1,0,0,0,0,0,0,0,0,0,0,0,0,0,0,0,0
230412615,986130,Shadows of Doubt,emergent,1,0,1,0,0,0,0,0,0,0,0,0,0,0,0,0,0,0
230381224,986130,Shadows of Doubt,emergent,1,1,0,0,0,0,0,0,0,0,0,0,0,0,0,0,0,0
230266908,986130,Shadows of Doubt,emergent,1,1,0,0,0,0,0,0,0,0,0,0,0,0,0,0,0,0
230246606,986130,Shadows of Doubt,emergent,4,1,0,0,0,1,0,0,0,1,0,0,0,0,0,1,0,0
230237609,986130,Shadows of Doubt,emergent,7,1,1,0,1,0,0,1,1,0,0,0,1,0,1,0,0,0
230142646,986130,Shadows of Doubt,emergent,3,1,0,0,0,1,0,0,0,0,0,0,0,0,1,0,0,0
230017872,986130,Shadows of Doubt,emergent,5,1,0,0,0,0,0,1,0,0,1,0,0,1,1,0,0,0
230005901,986130,Shadows of Doubt,emergent,1,1,0,0,0,0,0,0,0,0,0,0,0,0,0,0,0,0
229977803,986130,Shadows of Doubt,emergent,1,0,0,0,0,0,0,0,0,0,1,0,0,0,0,0,0,0
229907598,986130,Shadows of Doubt,emergent,1,0,0,0,0,0,0,1,0,0,0,0,0,0,0,0,0,0
229877105,986130,Shadows of Doubt,emergent,1,0,0,0,0,0,0,0,0,0,0,0,0,0,0,0,0,1
229694003,986130,Shadows of Doubt,emergent,5,0,0,0,0,1,1,0,1,0,0,0,0,1,1,0,0,0
229631014,986130,Shadows of Doubt,emergent,1,0,0,0,0,0,0,0,0,0,0,0,0,0,0,0,1,0
229615606,986130,Shadows of Doubt,emergent,3,1,0,0,0,0,0,0,0,0,0,0,1,0,1,0,0,0
229475239,986130,Shadows of Doubt,emergent,2,1,0,0,0,0,1,0,0,0,0,0,0,0,0,0,0,0
229445787,986130,Shadows of Doubt,emergent,6,0,0,0,0,1,1,0,1,1,0,0,0,1,1,0,0,0
229114918,986130,Shadows of Doubt,emergent,3,1,0,0,0,0,0,0,0,0,0,0,0,1,1,0,0,0
229046183,986130,Shadows of Doubt,emergent,2,1,0,0,0,1,0,0,0,0,0,0,0,0,0,0,0,0
228976392,986130,Shadows of Doubt,emergent,2,1,0,0,0,0,0,0,0,0,0,0,0,0,1,0,0,0
228678906,986130,Shadows of Doubt,emergent,2,1,0,0,0,0,1,0,0,0,0,0,0,0,0,0,0,0
228596026,986130,Shadows of Doubt,emergent,2,0,0,0,0,0,1,1,0,0,0,0,0,0,0,0,0,0
228384548,986130,Shadows of Doubt,emergent,2,0,0,0,0,0,0,1,0,0,0,0,0,1,0,0,0,0
228370556,986130,Shadows of Doubt,emergent,2,1,0,0,0,0,0,0,0,0,0,0,0,0,0,1,0,0
228290439,986130,Shadows of Doubt,emergent,2,1,0,0,0,0,1,0,0,0,0,0,0,0,0,0,0,0
228151326,986130,Shadows of Doubt,emergent,1,0,0,0,0,0,0,0,0,0,0,0,0,0,0,0,1,0
228094388,986130,Shadows of Doubt,emergent,2,0,1,0,0,0,0,0,0,0,0,0,0,0,1,0,0,0
227917827,986130,Shadows of Doubt,emergent,1,1,0,0,0,0,0,0,0,0,0,0,0,0,0,0,0,0
227913080,986130,Shadows of Doubt,emergent,3,1,0,0,0,0,0,0,0,0,0,0,1,0,1,0,0,0
227839024,986130,Shadows of Doubt,emergent,3,1,1,0,0,0,0,0,0,0,0,0,0,0,1,0,0,0
227823355,986130,Shadows of Doubt,emergent,4,1,0,0,0,0,1,0,0,1,0,0,0,1,0,0,0,0
227813732,986130,Shadows of Doubt,emergent,2,0,0,0,0,0,0,0,0,1,0,0,0,1,0,0,0,0
227795833,986130,Shadows of Doubt,emergent,1,0,0,0,0,0,1,0,0,0,0,0,0,0,0,0,0,0
227591181,986130,Shadows of Doubt,emergent,4,1,0,0,0,0,0,0,0,1,0,0,0,0,1,1,0,0
227201149,986130,Shadows of Doubt,emergent,4,1,1,0,0,1,0,0,0,0,0,0,0,0,1,0,0,0
227180224,986130,Shadows of Doubt,emergent,9,1,1,0,0,0,1,1,1,1,0,0,0,1,1,1,0,0
226978116,986130,Shadows of Doubt,emergent,2,1,0,0,0,0,0,0,0,0,0,0,1,0,0,0,0,0
226846896,986130,Shadows of Doubt,emergent,2,0,0,0,0,1,0,0,1,0,0,0,0,0,0,0,0,0
226513143,986130,Shadows of Doubt,emergent,1,0,0,0,0,0,0,0,0,0,0,0,0,0,0,0,0,1
226337273,986130,Shadows of Doubt,emergent,5,0,0,0,0,1,0,1,0,0,0,0,1,0,1,1,0,0
225946530,986130,Shadows of Doubt,emergent,1,0,0,0,1,0,0,0,0,0,0,0,0,0,0,0,0,0
225891464,986130,Shadows of Doubt,emergent,9,1,1,0,0,1,0,1,0,1,1,0,0,1,1,1,0,0
225818710,986130,Shadows of Doubt,emergent,3,0,1,0,0,0,0,1,0,0,0,0,0,0,1,0,0,0
225294475,986130,Shadows of Doubt,emergent,1,0,0,0,0,0,0,0,0,0,0,0,0,0,0,0,1,0
225288345,986130,Shadows of Doubt,emergent,5,1,0,0,0,1,0,1,1,1,0,0,0,0,0,0,0,0
225170685,986130,Shadows of Doubt,emergent,1,0,0,0,0,0,0,0,0,0,0,0,0,0,0,0,1,0
224907686,986130,Shadows of Doubt,emergent,1,0,0,0,0,0,0,0,0,0,0,0,0,0,0,0,0,1
224902623,986130,Shadows of Doubt,emergent,3,1,0,0,0,1,0,0,0,0,0,0,0,1,0,0,0,0
224873221,986130,Shadows of Doubt,emergent,1,1,0,0,0,0,0,0,0,0,0,0,0,0,0,0,0,0
224831342,986130,Shadows of Doubt,emergent,1,0,0,0,0,0,0,0,0,0,0,0,0,0,0,0,1,0
224752479,986130,Shadows of Doubt,emergent,1,0,0,0,0,0,0,0,0,0,0,0,0,0,0,0,0,1
224485795,986130,Shadows of Doubt,emergent,5,1,0,0,0,1,1,0,0,1,0,0,0,0,1,0,0,0
224446028,986130,Shadows of Doubt,emergent,3,1,1,0,0,0,0,0,0,0,0,0,0,0,1,0,0,0
224364799,986130,Shadows of Doubt,emergent,1,0,0,0,0,0,0,0,0,0,0,0,0,0,1,0,0,0
224182634,986130,Shadows of Doubt,emergent,6,1,0,0,0,1,0,0,1,0,1,0,0,0,1,1,0,0
224167643,986130,Shadows of Doubt,emergent,3,0,0,0,0,0,0,1,0,0,0,0,0,0,1,1,0,0
224163331,986130,Shadows of Doubt,emergent,1,0,0,0,0,0,0,0,0,0,0,0,0,1,0,0,0,0
223957461,986130,Shadows of Doubt,emergent,2,0,0,0,0,1,1,0,0,0,0,0,0,0,0,0,0,0
223930973,986130,Shadows of Doubt,emergent,2,1,0,0,0,0,0,1,0,0,0,0,0,0,0,0,0,0
223911711,986130,Shadows of Doubt,emergent,5,1,1,0,1,1,1,0,0,0,0,0,0,0,0,0,0,0
223795335,986130,Shadows of Doubt,emergent,1,0,0,0,0,0,0,1,0,0,0,0,0,0,0,0,0,0
223780491,986130,Shadows of Doubt,emergent,2,0,1,0,0,0,0,0,0,0,0,0,0,0,1,0,0,0
223694586,986130,Shadows of Doubt,emergent,5,1,1,0,0,0,0,1,0,0,0,0,0,0,1,1,0,0
223681632,986130,Shadows of Doubt,emergent,1,0,0,0,0,0,0,0,0,0,0,0,0,0,0,0,0,1
223634662,986130,Shadows of Doubt,emergent,1,0,0,0,0,0,0,0,0,0,1,0,0,0,0,0,0,0
223591957,986130,Shadows of Doubt,emergent,4,1,1,0,0,0,0,0,0,0,0,0,0,0,1,1,0,0
223416298,986130,Shadows of Doubt,emergent,3,1,1,0,0,0,0,0,0,0,0,0,0,0,1,0,0,0
223381210,986130,Shadows of Doubt,emergent,1,0,0,0,0,1,0,0,0,0,0,0,0,0,0,0,0,0
223349321,986130,Shadows of Doubt,emergent,5,1,0,0,0,0,1,0,1,1,0,0,0,0,0,1,0,0
223334754,986130,Shadows of Doubt,emergent,6,1,1,0,1,1,0,0,1,1,0,0,0,0,0,0,0,0
223295169,986130,Shadows of Doubt,emergent,5,1,0,0,0,1,0,1,1,0,0,0,0,1,0,0,0,0
223246699,986130,Shadows of Doubt,emergent,1,0,0,0,0,0,0,1,0,0,0,0,0,0,0,0,0,0
223235354,986130,Shadows of Doubt,emergent,2,0,0,0,0,0,0,0,0,1,0,0,0,0,0,1,0,0
223208071,986130,Shadows of Doubt,emergent,1,0,0,0,0,0,0,0,0,0,0,0,0,0,0,0,1,0
223189737,986130,Shadows of Doubt,emergent,1,0,0,0,0,0,0,0,0,0,0,0,0,0,0,0,1,0
223081116,986130,Shadows of Doubt,emergent,2,0,0,0,0,0,0,1,1,0,0,0,0,0,0,0,0,0
223065358,986130,Shadows of Doubt,emergent,2,0,0,0,0,1,0,0,0,0,0,0,0,1,0,0,0,0
223061940,986130,Shadows of Doubt,emergent,3,1,0,0,0,1,0,1,0,0,0,0,0,0,0,0,0,0
223047208,986130,Shadows of Doubt,emergent,4,1,0,0,0,1,0,1,0,1,0,0,0,0,0,0,0,0
223036747,986130,Shadows of Doubt,emergent,7,1,1,0,1,0,0,0,0,0,0,0,1,1,1,1,0,0
222962515,986130,Shadows of Doubt,emergent,2,0,0,0,0,0,0,0,1,1,0,0,0,0,0,0,0,0
222879049,986130,Shadows of Doubt,emergent,4,1,1,0,0,1,0,0,0,0,0,0,0,0,1,0,0,0
222861206,986130,Shadows of Doubt,emergent,2,0,1,1,0,0,0,0,0,0,0,0,0,0,0,0,0,0
222617420,986130,Shadows of Doubt,emergent,5,1,0,0,0,1,0,0,0,0,0,0,1,0,1,1,0,0
222532292,986130,Shadows of Doubt,emergent,1,0,0,0,0,0,1,0,0,0,0,0,0,0,0,0,0,0
222510444,986130,Shadows of Doubt,emergent,1,1,0,0,0,0,0,0,0,0,0,0,0,0,0,0,0,0
222466759,986130,Shadows of Doubt,emergent,3,0,0,0,1,0,0,1,0,0,0,0,0,1,0,0,0,0
222460107,986130,Shadows of Doubt,emergent,3,1,1,0,0,0,0,0,0,0,0,0,0,0,1,0,0,0
222263327,986130,Shadows of Doubt,emergent,1,0,0,0,0,0,0,0,0,0,0,0,0,1,0,0,0,0
222248308,986130,Shadows of Doubt,emergent,1,0,0,0,0,0,0,0,0,0,0,0,0,0,0,0,0,1
221913111,986130,Shadows of Doubt,emergent,4,1,1,0,0,0,0,1,0,0,0,0,0,0,1,0,0,0
221899810,986130,Shadows of Doubt,emergent,1,0,0,0,0,0,0,0,0,0,0,0,0,0,1,0,0,0
221896506,986130,Shadows of Doubt,emergent,1,0,0,0,0,0,0,0,0,0,0,0,0,0,1,0,0,0
221887507,986130,Shadows of Doubt,emergent,3,1,0,0,0,0,1,0,0,0,0,0,0,0,1,0,0,0
221794858,986130,Shadows of Doubt,emergent,1,0,0,0,0,0,0,0,0,0,0,0,0,0,0,0,1,0
221714905,986130,Shadows of Doubt,emergent,2,0,0,1,0,0,1,0,0,0,0,0,0,0,0,0,0,0
221642552,986130,Shadows of Doubt,emergent,3,1,0,0,0,0,0,1,0,0,0,0,0,0,1,0,0,0
221634248,986130,Shadows of Doubt,emergent,1,1,0,0,0,0,0,0,0,0,0,0,0,0,0,0,0,0
221419504,986130,Shadows of Doubt,emergent,1,1,0,0,0,0,0,0,0,0,0,0,0,0,0,0,0,0
221384797,986130,Shadows of Doubt,emergent,1,0,0,0,0,0,0,0,0,0,0,0,0,0,0,0,0,1
221323700,986130,Shadows of Doubt,emergent,1,0,0,0,0,0,0,0,0,0,0,0,0,1,0,0,0,0
221316629,986130,Shadows of Doubt,emergent,3,1,1,0,0,0,0,0,0,0,0,0,0,0,1,0,0,0
221311304,986130,Shadows of Doubt,emergent,1,0,0,0,0,0,0,0,0,0,0,0,0,0,0,0,0,1
221293466,986130,Shadows of Doubt,emergent,5,1,0,0,0,0,1,0,1,1,0,0,0,0,0,1,0,0
221289137,986130,Shadows of Doubt,emergent,1,0,0,0,0,0,0,1,0,0,0,0,0,0,0,0,0,0
221095932,986130,Shadows of Doubt,emergent,1,0,0,0,0,0,0,0,0,0,0,0,0,0,0,0,0,1
221002646,986130,Shadows of Doubt,emergent,3,1,0,0,0,0,0,0,1,0,0,0,0,0,0,1,0,0
220959136,986130,Shadows of Doubt,emergent,1,0,0,0,0,0,0,0,0,0,0,0,0,0,0,0,0,1
220619222,986130,Shadows of Doubt,emergent,3,1,0,0,0,0,0,0,0,1,0,0,0,0,1,0,0,0
220618129,986130,Shadows of Doubt,emergent,2,1,0,0,0,0,0,1,0,0,0,0,0,0,0,0,0,0
220507902,986130,Shadows of Doubt,emergent,8,1,0,0,1,1,0,0,0,0,1,0,1,1,1,1,0,0
220307927,986130,Shadows of Doubt,emergent,1,0,0,0,0,0,0,1,0,0,0,0,0,0,0,0,0,0
220141769,986130,Shadows of Doubt,emergent,1,1,0,0,0,0,0,0,0,0,0,0,0,0,0,0,0,0
219984031,986130,Shadows of Doubt,emergent,1,0,0,0,0,0,0,0,0,0,0,0,0,0,1,0,0,0
219851426,986130,Shadows of Doubt,emergent,1,1,0,0,0,0,0,0,0,0,0,0,0,0,0,0,0,0
219834718,986130,Shadows of Doubt,emergent,1,1,0,0,0,0,0,0,0,0,0,0,0,0,0,0,0,0
219787524,986130,Shadows of Doubt,emergent,1,0,0,0,0,0,0,0,0,0,0,0,0,0,0,0,0,1
219778522,986130,Shadows of Doubt,emergent,1,0,0,0,0,0,0,0,0,0,0,0,0,0,0,0,0,1
219769155,986130,Shadows of Doubt,emergent,2,1,0,0,0,0,0,0,0,0,0,0,0,0,1,0,0,0
219684899,986130,Shadows of Doubt,emergent,1,0,0,0,0,0,0,0,0,0,0,0,0,0,0,0,0,1
219630299,986130,Shadows of Doubt,emergent,6,1,0,0,1,0,0,0,1,0,1,0,0,1,1,0,0,0
219603584,986130,Shadows of Doubt,emergent,1,1,0,0,0,0,0,0,0,0,0,0,0,0,0,0,0,0
219572462,986130,Shadows of Doubt,emergent,1,0,0,0,0,0,0,0,0,0,0,0,0,0,0,0,1,0
219396278,986130,Shadows of Doubt,emergent,2,0,0,0,0,1,0,1,0,0,0,0,0,0,0,0,0,0
219312404,986130,Shadows of Doubt,emergent,3,0,0,0,0,1,0,1,0,0,0,0,0,1,0,0,0,0
219311466,986130,Shadows of Doubt,emergent,1,0,0,0,0,0,0,0,0,0,0,0,0,0,0,0,0,1
219225500,986130,Shadows of Doubt,emergent,1,0,0,0,0,0,0,1,0,0,0,0,0,0,0,0,0,0
219204975,986130,Shadows of Doubt,emergent,2,0,0,0,1,0,0,1,0,0,0,0,0,0,0,0,0,0
219153844,986130,Shadows of Doubt,emergent,5,1,0,0,0,1,1,0,0,1,0,0,0,1,0,0,0,0
219092925,986130,Shadows of Doubt,emergent,3,1,1,0,0,0,0,0,0,0,0,0,1,0,0,0,0,0
219015513,986130,Shadows of Doubt,emergent,1,0,0,0,0,0,0,0,0,0,0,0,0,0,0,0,1,0
218683523,986130,Shadows of Doubt,emergent,3,1,1,0,0,0,0,1,0,0,0,0,0,0,0,0,0,0
218680384,986130,Shadows of Doubt,emergent,1,1,0,0,0,0,0,0,0,0,0,0,0,0,0,0,0,0
218604207,986130,Shadows of Doubt,emergent,1,0,0,0,1,0,0,0,0,0,0,0,0,0,0,0,0,0
218593999,986130,Shadows of Doubt,emergent,2,1,1,0,0,0,0,0,0,0,0,0,0,0,0,0,0,0
218502544,986130,Shadows of Doubt,emergent,4,1,0,0,0,0,0,1,0,0,0,0,0,0,1,1,0,0
218433090,986130,Shadows of Doubt,emergent,1,0,0,0,0,0,0,0,0,0,0,0,0,0,0,0,1,0
218357454,986130,Shadows of Doubt,emergent,1,0,0,0,0,0,0,0,1,0,0,0,0,0,0,0,0,0
218349806,986130,Shadows of Doubt,emergent,4,1,1,0,1,0,1,0,0,0,0,0,0,0,0,0,0,0
218334826,986130,Shadows of Doubt,emergent,2,1,0,0,0,0,0,0,0,1,0,0,0,0,0,0,0,0
218319823,986130,Shadows of Doubt,emergent,1,0,0,0,0,0,0,0,0,0,0,0,0,0,0,0,0,1
218306591,986130,Shadows of Doubt,emergent,7,1,0,0,1,1,1,1,0,0,0,0,0,1,1,0,0,0
218196079,986130,Shadows of Doubt,emergent,1,1,0,0,0,0,0,0,0,0,0,0,0,0,0,0,0,0
218082754,986130,Shadows of Doubt,emergent,2,1,0,0,0,0,0,0,0,0,0,0,0,0,1,0,0,0
217683162,986130,Shadows of Doubt,emergent,2,0,0,0,0,0,0,0,1,1,0,0,0,0,0,0,0,0
217568045,986130,Shadows of Doubt,emergent,3,0,0,0,0,0,0,0,0,1,0,0,1,0,1,0,0,0
217539973,986130,Shadows of Doubt,emergent,1,1,0,0,0,0,0,0,0,0,0,0,0,0,0,0,0,0
217381645,986130,Shadows of Doubt,emergent,2,0,1,0,0,0,0,0,0,0,0,0,0,0,1,0,0,0
217331647,986130,Shadows of Doubt,emergent,1,0,0,0,0,0,0,0,0,0,0,0,0,0,0,0,1,0
217212380,986130,Shadows of Doubt,emergent,1,0,0,0,0,0,0,0,0,0,0,0,0,0,1,0,0,0
217209466,986130,Shadows of Doubt,emergent,2,1,0,0,0,0,1,0,0,0,0,0,0,0,0,0,0,0
217132043,986130,Shadows of Doubt,emergent,6,1,1,0,0,1,0,1,0,1,0,0,0,0,1,0,0,0
217088812,986130,Shadows of Doubt,emergent,4,1,0,0,0,1,0,0,0,0,1,0,1,0,0,0,0,0
217058298,986130,Shadows of Doubt,emergent,6,0,1,0,0,1,0,0,1,0,1,0,1,0,1,0,0,0
217010782,986130,Shadows of Doubt,emergent,2,0,0,0,0,1,0,0,1,0,0,0,0,0,0,0,0,0
216994214,986130,Shadows of Doubt,emergent,1,1,0,0,0,0,0,0,0,0,0,0,0,0,0,0,0,0
216992745,986130,Shadows of Doubt,emergent,1,0,0,0,0,0,0,0,0,0,0,1,0,0,0,0,0,0
216987814,986130,Shadows of Doubt,emergent,1,0,0,0,0,0,0,0,0,0,0,0,0,0,0,0,1,0
216965692,986130,Shadows of Doubt,emergent,1,0,0,0,0,0,0,0,0,0,0,0,0,0,1,0,0,0
216908041,986130,Shadows of Doubt,emergent,1,0,0,0,0,0,0,0,0,0,0,0,0,0,0,0,0,1
216903972,986130,Shadows of Doubt,emergent,2,1,0,0,0,0,0,0,0,0,0,0,0,0,1,0,0,0
216902943,986130,Shadows of Doubt,emergent,1,0,0,0,0,0,0,0,0,0,0,0,0,0,0,0,0,1
216861456,986130,Shadows of Doubt,emergent,2,0,0,0,0,0,0,0,1,1,0,0,0,0,0,0,0,0
216769310,986130,Shadows of Doubt,emergent,2,1,0,0,0,0,0,0,0,0,1,0,0,0,0,0,0,0
216705381,986130,Shadows of Doubt,emergent,1,0,1,0,0,0,0,0,0,0,0,0,0,0,0,0,0,0
216573729,986130,Shadows of Doubt,emergent,2,1,0,0,0,0,0,0,0,0,0,0,0,0,0,1,0,0
216501012,986130,Shadows of Doubt,emergent,1,0,1,0,0,0,0,0,0,0,0,0,0,0,0,0,0,0
216499310,986130,Shadows of Doubt,emergent,1,0,0,0,0,0,0,0,0,0,0,0,0,0,0,0,0,1
216492216,986130,Shadows of Doubt,emergent,2,1,0,0,0,0,0,0,0,0,0,0,0,0,0,1,0,0
216487007,986130,Shadows of Doubt,emergent,1,0,0,0,0,0,0,0,0,0,0,0,0,0,0,0,1,0
216478302,986130,Shadows of Doubt,emergent,4,1,1,0,0,0,0,0,1,0,0,0,0,1,0,0,0,0
216472007,986130,Shadows of Doubt,emergent,1,0,0,0,0,0,0,0,0,0,0,0,0,0,0,0,0,1
216460516,986130,Shadows of Doubt,emergent,1,0,0,0,0,0,0,0,0,0,0,0,0,0,0,0,1,0
216438449,986130,Shadows of Doubt,emergent,1,0,0,0,0,0,0,0,0,0,0,0,0,0,0,0,0,1
216428408,986130,Shadows of Doubt,emergent,3,1,0,0,0,0,0,0,1,0,0,0,0,0,0,1,0,0
216362435,986130,Shadows of Doubt,emergent,1,1,0,0,0,0,0,0,0,0,0,0,0,0,0,0,0,0
216346672,986130,Shadows of Doubt,emergent,1,1,0,0,0,0,0,0,0,0,0,0,0,0,0,0,0,0
216334131,986130,Shadows of Doubt,emergent,1,1,0,0,0,0,0,0,0,0,0,0,0,0,0,0,0,0
216296724,986130,Shadows of Doubt,emergent,3,0,0,0,0,0,0,0,0,0,0,1,1,0,1,0,0,0
216294292,986130,Shadows of Doubt,emergent,1,0,0,0,0,0,0,0,0,0,0,0,0,0,0,0,0,1
216293838,986130,Shadows of Doubt,emergent,3,0,0,0,0,0,1,0,1,0,0,0,0,0,0,1,0,0
216286314,986130,Shadows of Doubt,emergent,8,1,1,0,0,1,1,0,1,1,0,0,0,0,1,1,0,0
216271690,986130,Shadows of Doubt,emergent,1,0,0,0,0,0,0,0,0,0,0,0,0,0,0,0,0,1
216255970,986130,Shadows of Doubt,emergent,1,0,0,0,0,0,0,0,0,0,0,0,0,0,0,0,0,1
216249150,986130,Shadows of Doubt,emergent,4,0,0,0,1,0,0,0,0,0,1,0,1,0,1,0,0,0
216221377,986130,Shadows of Doubt,emergent,1,0,0,0,0,0,0,0,0,0,0,0,0,0,0,0,0,1
216200172,986130,Shadows of Doubt,emergent,2,1,0,0,0,0,0,0,0,0,0,0,0,1,0,0,0,0
216189733,986130,Shadows of Doubt,emergent,5,1,1,0,0,1,0,0,0,0,0,0,0,0,1,1,0,0
216157300,986130,Shadows of Doubt,emergent,1,1,0,0,0,0,0,0,0,0,0,0,0,0,0,0,0,0
216135439,986130,Shadows of Doubt,emergent,1,1,0,0,0,0,0,0,0,0,0,0,0,0,0,0,0,0
216117885,986130,Shadows of Doubt,emergent,1,1,0,0,0,0,0,0,0,0,0,0,0,0,0,0,0,0
216103956,986130,Shadows of Doubt,emergent,1,0,0,0,0,0,0,0,0,0,0,0,0,0,0,0,0,1
216103637,986130,Shadows of Doubt,emergent,1,0,0,0,0,0,0,0,0,0,0,0,0,0,0,0,1,0
216090812,986130,Shadows of Doubt,emergent,3,1,1,0,0,0,0,0,0,0,0,0,0,0,1,0,0,0
216024285,986130,Shadows of Doubt,emergent,1,0,0,0,0,0,0,0,0,0,0,0,0,0,0,0,0,1
215994874,986130,Shadows of Doubt,emergent,2,1,0,0,0,0,1,0,0,0,0,0,0,0,0,0,0,0
215991513,986130,Shadows of Doubt,emergent,1,0,0,0,0,0,0,0,0,0,0,0,1,0,0,0,0,0
215965127,986130,Shadows of Doubt,emergent,4,1,1,0,0,0,0,0,0,0,0,0,0,0,1,1,0,0
215958233,986130,Shadows of Doubt,emergent,7,1,1,0,0,1,0,0,1,1,0,0,0,1,1,0,0,0
215948118,986130,Shadows of Doubt,emergent,1,0,0,0,0,0,0,0,0,0,0,0,0,0,0,0,0,1
215933951,986130,Shadows of Doubt,emergent,1,0,0,0,0,0,0,0,0,0,0,0,0,0,0,0,0,1
215889972,986130,Shadows of Doubt,emergent,5,1,1,0,0,0,0,1,0,0,0,0,0,0,1,1,0,0
215887794,986130,Shadows of Doubt,emergent,1,1,0,0,0,0,0,0,0,0,0,0,0,0,0,0,0,0
215870991,986130,Shadows of Doubt,emergent,1,0,0,0,0,0,0,1,0,0,0,0,0,0,0,0,0,0
215851905,986130,Shadows of Doubt,emergent,7,1,1,0,0,1,0,0,1,1,0,0,0,1,1,0,0,0
215840187,986130,Shadows of Doubt,emergent,1,0,0,0,0,0,0,0,0,0,0,0,0,0,0,0,1,0
215837808,986130,Shadows of Doubt,emergent,3,0,1,0,0,0,0,1,0,0,0,0,0,0,1,0,0,0
215805226,986130,Shadows of Doubt,emergent,5,1,1,0,0,0,0,1,0,0,0,0,0,0,1,1,0,0
215745463,986130,Shadows of Doubt,emergent,2,1,0,0,0,0,1,0,0,0,0,0,0,0,0,0,0,0
215702157,986130,Shadows of Doubt,emergent,2,0,0,0,0,0,0,1,0,0,0,0,0,1,0,0,0,0
215659911,986130,Shadows of Doubt,emergent,5,1,1,0,0,1,0,0,0,0,0,0,0,0,1,1,0,0
215647303,986130,Shadows of Doubt,emergent,5,1,1,0,0,0,0,1,0,0,1,0,0,0,1,0,0,0
215639162,986130,Shadows of Doubt,emergent,1,0,0,0,0,0,0,0,0,0,0,0,0,0,0,0,1,0
215605911,986130,Shadows of Doubt,emergent,2,1,0,0,0,0,0,0,0,0,0,0,0,0,1,0,0,0
215583252,986130,Shadows of Doubt,emergent,1,0,0,0,0,0,0,0,0,0,0,0,0,0,0,0,0,1
215551521,986130,Shadows of Doubt,emergent,2,0,0,0,0,0,0,0,0,0,0,0,0,1,1,0,0,0
215536971,986130,Shadows of Doubt,emergent,2,1,0,0,0,0,0,0,0,0,0,0,1,0,0,0,0,0
215516230,986130,Shadows of Doubt,emergent,1,0,0,0,0,0,0,0,0,0,0,0,0,0,0,0,0,1
215414867,986130,Shadows of Doubt,emergent,1,0,0,0,0,0,0,0,0,0,1,0,0,0,0,0,0,0
215392441,986130,Shadows of Doubt,emergent,1,1,0,0,0,0,0,0,0,0,0,0,0,0,0,0,0,0
215386294,986130,Shadows of Doubt,emergent,1,0,0,0,0,0,0,0,0,0,0,0,0,0,0,0,1,0
215291031,986130,Shadows of Doubt,emergent,2,1,0,0,0,0,0,0,0,0,0,0,0,1,0,0,0,0
215269211,986130,Shadows of Doubt,emergent,1,0,0,0,0,0,0,0,0,0,0,0,0,0,0,0,1,0
215190981,986130,Shadows of Doubt,emergent,1,0,0,0,0,0,0,0,0,0,0,0,0,0,0,1,0,0
215102071,986130,Shadows of Doubt,emergent,1,0,1,0,0,0,0,0,0,0,0,0,0,0,0,0,0,0
215087798,986130,Shadows of Doubt,emergent,1,0,0,0,0,0,0,0,0,0,0,0,0,0,0,0,1,0
214874324,986130,Shadows of Doubt,emergent,1,0,0,1,0,0,0,0,0,0,0,0,0,0,0,0,0,0
214762237,986130,Shadows of Doubt,emergent,1,1,0,0,0,0,0,0,0,0,0,0,0,0,0,0,0,0
214655048,986130,Shadows of Doubt,emergent,1,0,0,0,0,0,0,0,0,0,0,0,0,0,0,0,0,1
214612734,986130,Shadows of Doubt,emergent,1,0,0,0,0,0,0,0,0,0,0,0,0,0,0,0,1,0
214609732,986130,Shadows of Doubt,emergent,1,0,0,0,0,1,0,0,0,0,0,0,0,0,0,0,0,0
214577472,986130,Shadows of Doubt,emergent,2,1,0,0,0,0,0,0,0,0,0,0,0,0,1,0,0,0
214435469,986130,Shadows of Doubt,emergent,6,1,1,0,0,1,0,0,0,1,0,0,1,0,1,0,0,0
214334822,986130,Shadows of Doubt,emergent,2,1,0,0,0,0,0,1,0,0,0,0,0,0,0,0,0,0
214322711,986130,Shadows of Doubt,emergent,4,1,0,0,0,1,0,0,0,0,0,0,0,1,1,0,0,0
214265476,986130,Shadows of Doubt,emergent,1,1,0,0,0,0,0,0,0,0,0,0,0,0,0,0,0,0
214124940,986130,Shadows of Doubt,emergent,1,0,0,0,0,0,0,0,0,0,0,0,0,0,0,0,0,1
213963499,986130,Shadows of Doubt,emergent,1,0,0,0,0,0,0,0,0,0,0,0,0,0,0,0,1,0
213874421,986130,Shadows of Doubt,emergent,3,1,1,0,0,0,0,0,0,0,0,0,0,0,0,1,0,0
213793858,986130,Shadows of Doubt,emergent,3,1,1,0,0,0,0,0,0,0,0,0,0,0,1,0,0,0
213770501,986130,Shadows of Doubt,emergent,1,1,0,0,0,0,0,0,0,0,0,0,0,0,0,0,0,0
213736526,986130,Shadows of Doubt,emergent,2,0,1,0,0,0,0,0,0,0,0,0,0,0,0,1,0,0
213733107,986130,Shadows of Doubt,emergent,1,0,0,0,0,0,1,0,0,0,0,0,0,0,0,0,0,0
213732799,986130,Shadows of Doubt,emergent,1,0,0,0,0,0,0,0,0,0,0,0,0,0,0,0,1,0
213586592,986130,Shadows of Doubt,emergent,1,0,0,0,0,0,0,0,0,0,0,0,0,0,0,0,1,0
213479560,986130,Shadows of Doubt,emergent,1,0,0,0,0,0,0,0,0,0,0,0,0,0,0,0,0,1
213473539,986130,Shadows of Doubt,emergent,4,1,1,0,0,0,0,0,1,0,0,0,0,0,1,0,0,0
213467115,986130,Shadows of Doubt,emergent,5,1,1,1,0,1,0,0,0,0,0,0,0,0,0,1,0,0
213466153,986130,Shadows of Doubt,emergent,1,0,0,0,0,0,0,0,0,0,0,0,0,0,1,0,0,0
213382909,986130,Shadows of Doubt,emergent,2,0,0,0,0,1,0,0,0,0,0,0,0,0,1,0,0,0
213377501,986130,Shadows of Doubt,emergent,7,0,0,0,0,1,1,0,1,1,1,0,1,0,1,0,0,0
213333146,986130,Shadows of Doubt,emergent,1,0,0,0,0,0,1,0,0,0,0,0,0,0,0,0,0,0
213322974,986130,Shadows of Doubt,emergent,4,1,1,0,0,1,0,0,0,0,0,0,0,0,0,1,0,0
213311346,986130,Shadows of Doubt,emergent,1,0,0,0,0,0,0,0,0,0,0,0,0,0,0,0,0,1
213271823,986130,Shadows of Doubt,emergent,4,0,1,0,0,1,0,0,0,0,0,0,0,1,1,0,0,0
213176307,986130,Shadows of Doubt,emergent,2,0,0,0,0,1,1,0,0,0,0,0,0,0,0,0,0,0
212888668,986130,Shadows of Doubt,emergent,1,0,0,0,0,0,0,0,0,0,0,0,0,0,0,0,0,1
212755328,986130,Shadows of Doubt,emergent,1,0,0,0,0,0,0,0,0,0,1,0,0,0,0,0,0,0
212690805,986130,Shadows of Doubt,emergent,4,1,1,0,0,1,0,0,0,0,0,0,0,0,0,1,0,0
212564027,986130,Shadows of Doubt,emergent,1,0,0,0,0,0,0,0,0,0,1,0,0,0,0,0,0,0
212511576,986130,Shadows of Doubt,emergent,1,0,0,0,0,0,0,0,0,1,0,0,0,0,0,0,0,0
212500488,986130,Shadows of Doubt,emergent,2,0,0,0,0,1,1,0,0,0,0,0,0,0,0,0,0,0
212485193,986130,Shadows of Doubt,emergent,1,0,0,0,0,0,0,0,0,0,0,0,0,0,0,0,1,0
212385379,986130,Shadows of Doubt,emergent,2,1,1,0,0,0,0,0,0,0,0,0,0,0,0,0,0,0
212227958,986130,Shadows of Doubt,emergent,1,0,0,0,0,0,0,0,0,0,0,0,0,0,0,0,0,1
211749814,986130,Shadows of Doubt,emergent,4,1,0,1,1,0,0,0,0,0,0,0,1,0,0,0,0,0
211747394,986130,Shadows of Doubt,emergent,8,1,1,0,1,1,0,1,0,1,0,0,0,0,1,1,0,0
210256382,986130,Shadows of Doubt,emergent,3,1,0,0,0,0,0,0,0,1,0,0,0,0,0,1,0,0
209948445,986130,Shadows of Doubt,emergent,3,1,1,0,0,0,0,0,0,0,0,0,0,0,1,0,0,0
209926049,986130,Shadows of Doubt,emergent,3,1,1,0,0,0,0,0,1,0,0,0,0,0,0,0,0,0
209910681,986130,Shadows of Doubt,emergent,1,0,0,0,0,0,0,0,0,0,0,0,0,0,0,0,0,1
209796313,986130,Shadows of Doubt,emergent,2,0,0,0,0,0,1,0,0,0,0,0,0,0,1,0,0,0
209707545,986130,Shadows of Doubt,emergent,1,0,0,0,0,0,0,0,0,0,0,0,0,0,0,0,0,1
209656611,986130,Shadows of Doubt,emergent,2,1,0,0,0,0,0,1,0,0,0,0,0,0,0,0,0,0
209439147,986130,Shadows of Doubt,emergent,1,1,0,0,0,0,0,0,0,0,0,0,0,0,0,0,0,0
209313066,986130,Shadows of Doubt,emergent,6,1,0,0,0,1,0,0,0,1,0,0,1,0,1,1,0,0
209249410,986130,Shadows of Doubt,emergent,1,0,0,0,0,0,0,0,0,0,0,0,0,1,0,0,0,0
209219318,986130,Shadows of Doubt,emergent,1,0,0,0,0,0,0,0,0,0,0,0,0,0,0,0,0,1
209094586,986130,Shadows of Doubt,emergent,4,1,1,0,0,0,0,0,0,0,0,0,0,0,1,1,0,0
209056563,986130,Shadows of Doubt,emergent,1,0,0,0,0,0,0,0,0,0,0,0,0,0,0,1,0,0
209026058,986130,Shadows of Doubt,emergent,7,0,1,1,0,1,0,0,0,1,0,0,1,1,1,0,0,0
209022483,986130,Shadows of Doubt,emergent,1,1,0,0,0,0,0,0,0,0,0,0,0,0,0,0,0,0
209014092,986130,Shadows of Doubt,emergent,3,0,0,0,0,0,1,0,1,0,1,0,0,0,0,0,0,0
209009425,986130,Shadows of Doubt,emergent,3,1,1,0,0,0,0,0,0,0,0,0,0,1,0,0,0,0
208705047,986130,Shadows of Doubt,emergent,4,0,1,0,0,0,0,0,1,0,0,0,0,0,1,1,0,0
208656840,986130,Shadows of Doubt,emergent,3,1,0,0,0,0,0,0,0,0,0,0,1,0,1,0,0,0
208599372,986130,Shadows of Doubt,emergent,2,0,0,0,0,1,0,0,0,0,0,0,0,0,1,0,0,0
208446396,986130,Shadows of Doubt,emergent,3,0,0,0,0,0,1,0,0,1,0,0,0,1,0,0,0,0
208423153,986130,Shadows of Doubt,emergent,1,0,1,0,0,0,0,0,0,0,0,0,0,0,0,0,0,0
208374855,986130,Shadows of Doubt,emergent,1,0,0,0,0,0,0,0,0,0,0,0,0,0,0,0,0,1
208368788,986130,Shadows of Doubt,emergent,4,1,1,0,0,0,0,0,0,0,0,0,0,1,0,1,0,0
208325966,986130,Shadows of Doubt,emergent,5,1,0,0,0,0,1,0,1,0,0,0,1,1,0,0,0,0
208210740,986130,Shadows of Doubt,emergent,2,1,0,0,0,0,0,1,0,0,0,0,0,0,0,0,0,0
208194097,986130,Shadows of Doubt,emergent,2,0,0,0,0,1,1,0,0,0,0,0,0,0,0,0,0,0
208189147,986130,Shadows of Doubt,emergent,1,0,0,0,0,0,0,0,0,0,0,0,0,0,0,1,0,0
208136838,986130,Shadows of Doubt,emergent,1,0,0,0,0,0,0,0,0,0,1,0,0,0,0,0,0,0
208107011,986130,Shadows of Doubt,emergent,4,1,0,0,0,1,1,0,0,0,0,0,0,1,0,0,0,0
208017287,986130,Shadows of Doubt,emergent,4,1,1,0,0,1,0,0,0,1,0,0,0,0,0,0,0,0
207941769,986130,Shadows of Doubt,emergent,3,1,1,0,0,1,0,0,0,0,0,0,0,0,0,0,0,0
207820242,986130,Shadows of Doubt,emergent,1,0,0,0,0,0,0,0,0,0,1,0,0,0,0,0,0,0
207815740,986130,Shadows of Doubt,emergent,1,1,0,0,0,0,0,0,0,0,0,0,0,0,0,0,0,0
207814766,986130,Shadows of Doubt,emergent,3,1,0,0,0,1,1,0,0,0,0,0,0,0,0,0,0,0
207736964,986130,Shadows of Doubt,emergent,1,0,0,0,0,0,0,0,0,0,0,0,0,0,0,0,1,0
207680321,986130,Shadows of Doubt,emergent,1,0,0,0,1,0,0,0,0,0,0,0,0,0,0,0,0,0
207658592,986130,Shadows of Doubt,emergent,4,1,1,0,0,1,0,0,0,1,0,0,0,0,0,0,0,0
207564791,986130,Shadows of Doubt,emergent,2,1,0,0,0,0,0,0,0,0,0,0,0,0,1,0,0,0
207529570,986130,Shadows of Doubt,emergent,1,0,0,0,0,0,0,1,0,0,0,0,0,0,0,0,0,0
207365854,986130,Shadows of Doubt,emergent,3,0,1,0,0,0,0,0,0,0,0,0,0,1,1,0,0,0
207360398,986130,Shadows of Doubt,emergent,2,1,0,0,0,0,0,0,1,0,0,0,0,0,0,0,0,0
207318945,986130,Shadows of Doubt,emergent,3,1,1,0,0,0,0,0,0,0,0,0,0,0,1,0,0,0
207266336,986130,Shadows of Doubt,emergent,4,1,1,0,0,1,0,0,1,0,0,0,0,0,0,0,0,0
207200850,986130,Shadows of Doubt,emergent,4,1,1,0,0,1,0,0,0,0,0,0,0,0,1,0,0,0
207155794,986130,Shadows of Doubt,emergent,6,1,0,1,0,1,1,0,1,1,0,0,0,0,0,0,0,0
207126764,986130,Shadows of Doubt,emergent,1,0,0,0,0,0,0,0,0,0,0,0,0,0,0,0,0,1
207091430,986130,Shadows of Doubt,emergent,1,0,0,0,0,1,0,0,0,0,0,0,0,0,0,0,0,0
207082478,986130,Shadows of Doubt,emergent,3,0,0,1,0,0,1,0,1,0,0,0,0,0,0,0,0,0
206987751,986130,Shadows of Doubt,emergent,1,0,0,0,0,0,0,0,0,0,0,0,1,0,0,0,0,0
206816394,986130,Shadows of Doubt,emergent,1,1,0,0,0,0,0,0,0,0,0,0,0,0,0,0,0,0
206758850,986130,Shadows of Doubt,emergent,1,0,0,0,0,0,0,0,0,0,0,0,0,0,0,0,1,0
206719234,986130,Shadows of Doubt,emergent,1,1,0,0,0,0,0,0,0,0,0,0,0,0,0,0,0,0
206676148,986130,Shadows of Doubt,emergent,1,0,0,0,0,0,0,0,0,0,0,0,0,0,0,0,1,0
206672837,986130,Shadows of Doubt,emergent,4,0,0,0,1,1,0,0,1,0,0,0,0,0,1,0,0,0
206654132,986130,Shadows of Doubt,emergent,2,0,0,0,0,0,1,0,1,0,0,0,0,0,0,0,0,0
206548905,986130,Shadows of Doubt,emergent,2,1,0,0,0,0,0,0,0,0,0,0,0,0,0,1,0,0
206374836,986130,Shadows of Doubt,emergent,2,0,1,0,0,0,0,1,0,0,0,0,0,0,0,0,0,0
206297707,986130,Shadows of Doubt,emergent,4,0,0,0,1,1,0,0,0,0,0,0,1,0,1,0,0,0
206243287,986130,Shadows of Doubt,emergent,4,0,0,0,1,1,1,0,0,0,0,0,0,1,0,0,0,0
206224742,986130,Shadows of Doubt,emergent,2,0,0,0,0,0,0,0,1,1,0,0,0,0,0,0,0,0
206012874,986130,Shadows of Doubt,emergent,7,1,0,0,0,1,0,0,0,0,1,0,1,1,1,1,0,0
206001131,986130,Shadows of Doubt,emergent,1,0,0,0,0,0,0,0,0,0,0,0,0,0,0,0,1,0
205989262,986130,Shadows of Doubt,emergent,2,1,0,0,0,0,0,0,1,0,0,0,0,0,0,0,0,0
205892147,986130,Shadows of Doubt,emergent,1,0,0,0,0,0,0,0,0,0,0,0,0,0,0,0,1,0
205882569,986130,Shadows of Doubt,emergent,2,1,0,0,0,0,0,1,0,0,0,0,0,0,0,0,0,0
205836658,986130,Shadows of Doubt,emergent,8,1,1,1,0,0,0,1,0,0,1,0,1,0,1,1,0,0
205830353,986130,Shadows of Doubt,emergent,7,1,1,0,0,1,1,1,1,0,0,0,0,0,0,1,0,0
205800679,986130,Shadows of Doubt,emergent,7,0,1,0,0,1,1,0,1,1,1,0,0,0,1,0,0,0
205791302,986130,Shadows of Doubt,emergent,1,0,0,1,0,0,0,0,0,0,0,0,0,0,0,0,0,0
205743223,986130,Shadows of Doubt,emergent,1,0,0,0,0,0,0,0,0,0,0,0,0,0,0,0,0,1
205735224,986130,Shadows of Doubt,emergent,3,0,0,0,0,0,0,1,0,0,0,0,0,1,0,1,0,0
205654587,986130,Shadows of Doubt,emergent,1,0,0,0,0,0,0,0,0,0,1,0,0,0,0,0,0,0
205608536,986130,Shadows of Doubt,emergent,1,0,0,0,0,0,0,0,0,0,0,0,0,0,0,0,1,0
205600538,986130,Shadows of Doubt,emergent,2,1,0,0,0,0,0,1,0,0,0,0,0,0,0,0,0,0
205555258,986130,Shadows of Doubt,emergent,1,1,0,0,0,0,0,0,0,0,0,0,0,0,0,0,0,0
205510730,986130,Shadows of Doubt,emergent,3,0,1,0,0,0,0,0,0,0,0,0,0,0,1,1,0,0
205283461,986130,Shadows of Doubt,emergent,3,0,1,0,0,0,0,1,0,0,0,0,0,0,0,1,0,0
205277830,986130,Shadows of Doubt,emergent,6,1,0,1,0,1,0,1,0,0,0,0,0,0,1,1,0,0
205207844,986130,Shadows of Doubt,emergent,5,0,1,0,0,1,0,0,1,0,1,0,0,0,0,1,0,0
205084413,986130,Shadows of Doubt,emergent,1,0,0,0,0,0,0,0,0,0,0,0,1,0,0,0,0,0
205036837,986130,Shadows of Doubt,emergent,3,1,0,0,0,0,0,0,0,0,0,0,0,1,0,1,0,0
205010544,986130,Shadows of Doubt,emergent,5,1,1,0,0,0,0,0,0,0,1,0,0,0,1,1,0,0
204958781,986130,Shadows of Doubt,emergent,1,0,0,0,0,0,0,1,0,0,0,0,0,0,0,0,0,0
204958274,986130,Shadows of Doubt,emergent,1,0,0,0,0,0,0,0,0,0,0,0,0,0,0,0,0,1
204952977,986130,Shadows of Doubt,emergent,2,1,0,0,0,0,0,1,0,0,0,0,0,0,0,0,0,0
204951303,986130,Shadows of Doubt,emergent,2,1,0,0,0,0,0,0,0,0,0,0,0,0,1,0,0,0
204894430,986130,Shadows of Doubt,emergent,2,0,0,0,0,0,0,0,1,0,0,0,0,1,0,0,0,0
204764314,986130,Shadows of Doubt,emergent,1,0,0,0,0,0,0,0,0,0,0,0,0,0,0,0,1,0
204749406,986130,Shadows of Doubt,emergent,5,1,0,1,0,0,0,0,0,0,0,0,1,0,1,1,0,0
204625400,986130,Shadows of Doubt,emergent,4,0,1,0,0,0,1,0,0,0,1,0,0,0,0,1,0,0
204624132,986130,Shadows of Doubt,emergent,5,0,1,0,0,1,0,0,0,1,0,0,1,0,0,1,0,0
204447442,986130,Shadows of Doubt,emergent,1,1,0,0,0,0,0,0,0,0,0,0,0,0,0,0,0,0
204397112,986130,Shadows of Doubt,emergent,2,1,0,0,0,0,0,0,0,1,0,0,0,0,0,0,0,0
204377332,986130,Shadows of Doubt,emergent,3,1,0,0,0,0,0,0,1,0,0,0,0,0,1,0,0,0
231886154,1222670,The Sims™ 4,life,2,1,0,0,1,0,0,0,0,0,0,0,0,0,0,0,0,0
231864300,1222670,The Sims™ 4,life,1,0,0,0,0,0,0,0,0,0,0,0,0,0,0,0,0,1
231852501,1222670,The Sims™ 4,life,3,1,0,0,1,0,0,0,0,0,1,0,0,0,0,0,0,0
231848550,1222670,The Sims™ 4,life,1,0,0,0,0,0,0,0,0,0,0,0,0,0,0,0,0,1
231847681,1222670,The Sims™ 4,life,1,0,0,0,0,0,0,0,0,0,0,0,0,0,0,0,0,1
231846355,1222670,The Sims™ 4,life,2,0,1,0,0,0,0,0,0,0,0,0,0,0,0,1,0,0
231838659,1222670,The Sims™ 4,life,1,0,0,0,1,0,0,0,0,0,0,0,0,0,0,0,0,0
231825936,1222670,The Sims™ 4,life,1,0,0,0,0,0,0,0,0,0,0,0,0,0,0,0,0,1
231817699,1222670,The Sims™ 4,life,1,0,0,0,0,0,0,0,0,0,0,0,0,0,0,0,0,1
231814608,1222670,The Sims™ 4,life,1,0,0,0,0,0,0,0,0,0,0,0,0,0,0,0,0,1
231806779,1222670,The Sims™ 4,life,1,0,0,0,1,0,0,0,0,0,0,0,0,0,0,0,0,0
231802061,1222670,The Sims™ 4,life,1,0,0,0,0,0,0,0,0,0,0,0,0,0,0,0,1,0
231800536,1222670,The Sims™ 4,life,1,0,0,0,0,0,0,0,0,0,0,0,0,0,0,0,0,1
231794291,1222670,The Sims™ 4,life,1,0,0,0,0,0,0,0,0,0,0,0,0,0,0,0,1,0
231789358,1222670,The Sims™ 4,life,1,0,1,0,0,0,0,0,0,0,0,0,0,0,0,0,0,0
231771559,1222670,The Sims™ 4,life,1,0,0,0,0,0,0,0,0,0,0,0,0,0,0,0,0,1
231764195,1222670,The Sims™ 4,life,2,0,1,0,1,0,0,0,0,0,0,0,0,0,0,0,0,0
231753491,1222670,The Sims™ 4,life,3,0,1,0,1,1,0,0,0,0,0,0,0,0,0,0,0,0
231752685,1222670,The Sims™ 4,life,1,0,0,0,0,0,0,0,0,0,0,0,0,0,0,0,0,1
231750984,1222670,The Sims™ 4,life,1,0,0,0,0,0,0,0,0,0,0,0,0,0,0,0,0,1
231745075,1222670,The Sims™ 4,life,1,0,0,0,0,0,0,0,0,0,0,0,0,0,0,0,1,0
231721549,1222670,The Sims™ 4,life,1,0,0,0,0,0,0,0,0,0,0,0,0,0,0,0,0,1
231709071,1222670,The Sims™ 4,life,2,1,0,0,1,0,0,0,0,0,0,0,0,0,0,0,0,0
231698624,1222670,The Sims™ 4,life,1,0,0,0,0,0,0,0,0,0,0,0,0,0,0,0,0,1
231681868,1222670,The Sims™ 4,life,1,0,0,0,0,0,0,0,0,0,0,0,0,0,0,0,0,1
231674117,1222670,The Sims™ 4,life,2,0,0,0,0,1,0,0,0,0,1,0,0,0,0,0,0,0
231638888,1222670,The Sims™ 4,life,2,1,0,0,0,0,0,0,0,0,0,0,0,0,0,1,0,0
231621217,1222670,The Sims™ 4,life,1,0,0,0,0,0,0,0,0,0,0,0,0,0,0,0,1,0
231609699,1222670,The Sims™ 4,life,1,0,0,0,1,0,0,0,0,0,0,0,0,0,0,0,0,0
231607791,1222670,The Sims™ 4,life,1,0,0,0,0,0,0,0,0,0,0,0,0,0,0,0,0,1
231562838,1222670,The Sims™ 4,life,1,0,1,0,0,0,0,0,0,0,0,0,0,0,0,0,0,0
231546246,1222670,The Sims™ 4,life,2,0,1,0,1,0,0,0,0,0,0,0,0,0,0,0,0,0
231536292,1222670,The Sims™ 4,life,1,0,0,0,0,0,0,0,0,0,0,0,0,0,0,0,0,1
231506832,1222670,The Sims™ 4,life,1,0,0,0,1,0,0,0,0,0,0,0,0,0,0,0,0,0
231494391,1222670,The Sims™ 4,life,2,0,1,0,1,0,0,0,0,0,0,0,0,0,0,0,0,0
231481491,1222670,The Sims™ 4,life,1,0,0,0,0,0,0,0,0,0,0,0,0,0,0,0,0,1
231462857,1222670,The Sims™ 4,life,1,0,0,0,0,0,0,0,0,0,0,0,0,0,0,0,1,0
231456787,1222670,The Sims™ 4,life,2,1,0,0,1,0,0,0,0,0,0,0,0,0,0,0,0,0
231433720,1222670,The Sims™ 4,life,1,0,0,0,0,0,0,0,0,0,0,0,0,0,0,0,1,0
231403279,1222670,The Sims™ 4,life,1,0,0,0,0,0,0,0,0,0,0,0,0,0,0,0,1,0
231373178,1222670,The Sims™ 4,life,3,1,1,0,1,0,0,0,0,0,0,0,0,0,0,0,0,0
231339054,1222670,The Sims™ 4,life,2,0,1,0,1,0,0,0,0,0,0,0,0,0,0,0,0,0
231335553,1222670,The Sims™ 4,life,1,0,0,0,0,0,0,0,0,0,0,0,0,0,0,0,0,1
231319117,1222670,The Sims™ 4,life,4,1,0,0,1,0,1,0,0,1,0,0,0,0,0,0,0,0
231294035,1222670,The Sims™ 4,life,1,0,0,0,0,0,0,0,0,0,0,0,0,0,0,0,0,1
231292246,1222670,The Sims™ 4,life,1,0,0,0,0,0,0,0,0,0,0,0,0,0,0,0,0,1
231290267,1222670,The Sims™ 4,life,1,0,0,0,0,0,1,0,0,0,0,0,0,0,0,0,0,0
231273490,1222670,The Sims™ 4,life,1,0,0,0,0,0,0,0,0,0,0,0,0,0,0,0,0,1
231249812,1222670,The Sims™ 4,life,2,1,1,0,0,0,0,0,0,0,0,0,0,0,0,0,0,0
231242849,1222670,The Sims™ 4,life,1,0,0,0,0,0,1,0,0,0,0,0,0,0,0,0,0,0
231234153,1222670,The Sims™ 4,life,1,0,0,0,1,0,0,0,0,0,0,0,0,0,0,0,0,0
231232709,1222670,The Sims™ 4,life,1,0,0,0,0,0,0,0,0,0,0,0,0,0,0,0,0,1
231220409,1222670,The Sims™ 4,life,1,1,0,0,0,0,0,0,0,0,0,0,0,0,0,0,0,0
231200628,1222670,The Sims™ 4,life,1,0,0,0,0,0,0,0,0,0,0,0,0,0,0,0,0,1
231191683,1222670,The Sims™ 4,life,2,1,0,0,1,0,0,0,0,0,0,0,0,0,0,0,0,0
231186680,1222670,The Sims™ 4,life,1,0,0,0,0,0,0,0,0,0,0,0,0,0,0,0,0,1
231185463,1222670,The Sims™ 4,life,1,0,0,0,1,0,0,0,0,0,0,0,0,0,0,0,0,0
231184503,1222670,The Sims™ 4,life,1,1,0,0,0,0,0,0,0,0,0,0,0,0,0,0,0,0
231174954,1222670,The Sims™ 4,life,1,0,0,0,0,0,0,0,0,0,0,0,0,0,0,0,0,1
231158871,1222670,The Sims™ 4,life,2,0,1,0,1,0,0,0,0,0,0,0,0,0,0,0,0,0
231158308,1222670,The Sims™ 4,life,1,0,0,0,1,0,0,0,0,0,0,0,0,0,0,0,0,0
231150060,1222670,The Sims™ 4,life,1,0,0,0,0,0,0,0,0,0,0,0,0,0,0,0,0,1
231148448,1222670,The Sims™ 4,life,1,0,0,0,0,0,0,0,0,0,0,0,0,0,0,0,1,0
231138460,1222670,The Sims™ 4,life,1,0,0,0,0,0,0,0,0,0,0,0,0,0,0,1,0,0
231111894,1222670,The Sims™ 4,life,1,0,0,0,0,0,0,0,0,0,0,0,0,0,0,0,0,1
231110290,1222670,The Sims™ 4,life,4,0,1,0,1,0,0,0,0,0,0,0,0,0,1,1,0,0
231105318,1222670,The Sims™ 4,life,1,0,0,0,0,0,0,0,0,0,0,0,0,0,0,0,0,1
231098651,1222670,The Sims™ 4,life,2,0,1,0,0,1,0,0,0,0,0,0,0,0,0,0,0,0
231097475,1222670,The Sims™ 4,life,3,0,1,0,1,0,0,1,0,0,0,0,0,0,0,0,0,0
231096074,1222670,The Sims™ 4,life,1,0,1,0,0,0,0,0,0,0,0,0,0,0,0,0,0,0
231081854,1222670,The Sims™ 4,life,2,0,0,0,0,0,0,0,0,0,0,0,1,0,0,1,0,0
231073405,1222670,The Sims™ 4,life,1,0,0,0,0,0,0,0,0,0,0,0,0,0,0,0,0,1
231052430,1222670,The Sims™ 4,life,2,1,0,0,1,0,0,0,0,0,0,0,0,0,0,0,0,0
231041083,1222670,The Sims™ 4,life,1,0,0,0,0,0,0,0,0,0,0,0,0,0,0,0,0,1
231032393,1222670,The Sims™ 4,life,2,0,1,0,1,0,0,0,0,0,0,0,0,0,0,0,0,0
231032118,1222670,The Sims™ 4,life,3,0,1,0,1,0,0,0,0,0,0,0,0,0,0,1,0,0
231029348,1222670,The Sims™ 4,life,1,0,0,0,0,0,0,0,0,0,0,0,0,0,0,0,1,0
231025674,1222670,The Sims™ 4,life,3,1,0,0,0,1,0,0,0,0,0,0,0,0,0,1,0,0
231018705,1222670,The Sims™ 4,life,1,0,1,0,0,0,0,0,0,0,0,0,0,0,0,0,0,0
231015983,1222670,The Sims™ 4,life,1,1,0,0,0,0,0,0,0,0,0,0,0,0,0,0,0,0
231013075,1222670,The Sims™ 4,life,1,0,0,0,0,0,0,0,0,0,0,0,0,0,0,0,1,0
231010065,1222670,The Sims™ 4,life,3,1,1,0,1,0,0,0,0,0,0,0,0,0,0,0,0,0
231007716,1222670,The Sims™ 4,life,1,0,0,0,0,0,0,0,0,0,0,0,0,0,0,0,0,1
231003661,1222670,The Sims™ 4,life,1,0,0,0,0,0,0,0,0,0,0,0,0,0,0,0,0,1
230998197,1222670,The Sims™ 4,life,1,0,0,0,0,0,0,0,0,0,0,0,0,0,0,1,0,0
230997646,1222670,The Sims™ 4,life,1,0,1,0,0,0,0,0,0,0,0,0,0,0,0,0,0,0
230986089,1222670,The Sims™ 4,life,1,0,0,0,0,0,0,0,0,0,0,0,0,0,0,0,1,0
230984684,1222670,The Sims™ 4,life,2,0,1,0,1,0,0,0,0,0,0,0,0,0,0,0,0,0
230964979,1222670,The Sims™ 4,life,1,0,0,0,0,0,0,0,0,0,0,0,0,0,0,0,1,0
230925292,1222670,The Sims™ 4,life,3,1,1,0,1,0,0,0,0,0,0,0,0,0,0,0,0,0
230896054,1222670,The Sims™ 4,life,1,0,0,0,1,0,0,0,0,0,0,0,0,0,0,0,0,0
230878061,1222670,The Sims™ 4,life,2,1,0,0,1,0,0,0,0,0,0,0,0,0,0,0,0,0
230872936,1222670,The Sims™ 4,life,1,1,0,0,0,0,0,0,0,0,0,0,0,0,0,0,0,0
230863728,1222670,The Sims™ 4,life,1,0,0,0,0,0,0,0,0,0,0,0,0,0,0,0,0,1
230863451,1222670,The Sims™ 4,life,1,0,0,0,1,0,0,0,0,0,0,0,0,0,0,0,0,0
230861344,1222670,The Sims™ 4,life,1,0,0,0,0,0,0,0,0,0,0,0,0,0,0,0,0,1
230857892,1222670,The Sims™ 4,life,3,0,1,0,1,0,0,0,0,0,0,0,0,0,1,0,0,0
230828421,1222670,The Sims™ 4,life,1,0,0,0,1,0,0,0,0,0,0,0,0,0,0,0,0,0
230816534,1222670,The Sims™ 4,life,1,0,0,0,1,0,0,0,0,0,0,0,0,0,0,0,0,0
230801284,1222670,The Sims™ 4,life,1,0,0,0,0,0,0,0,0,0,0,0,0,0,0,0,0,1
230788842,1222670,The Sims™ 4,life,1,0,0,0,0,0,0,0,0,0,0,0,0,0,0,0,1,0
230787546,1222670,The Sims™ 4,life,1,0,1,0,0,0,0,0,0,0,0,0,0,0,0,0,0,0
230775609,1222670,The Sims™ 4,life,2,0,1,0,0,0,0,0,0,0,0,0,0,0,1,0,0,0
230775549,1222670,The Sims™ 4,life,3,1,1,0,0,1,0,0,0,0,0,0,0,0,0,0,0,0
230761357,1222670,The Sims™ 4,life,1,0,0,0,0,0,0,0,0,0,0,0,0,0,0,1,0,0
230745547,1222670,The Sims™ 4,life,1,0,1,0,0,0,0,0,0,0,0,0,0,0,0,0,0,0
230736176,1222670,The Sims™ 4,life,1,0,0,0,1,0,0,0,0,0,0,0,0,0,0,0,0,0
230730294,1222670,The Sims™ 4,life,1,0,1,0,0,0,0,0,0,0,0,0,0,0,0,0,0,0
230725211,1222670,The Sims™ 4,life,1,1,0,0,0,0,0,0,0,0,0,0,0,0,0,0,0,0
230719146,1222670,The Sims™ 4,life,1,0,0,0,0,0,0,0,0,0,0,0,0,0,0,0,1,0
230714583,1222670,The Sims™ 4,life,1,0,0,0,0,0,0,0,0,0,0,0,0,0,0,0,0,1
230698334,1222670,The Sims™ 4,life,1,0,0,0,1,0,0,0,0,0,0,0,0,0,0,0,0,0
230692895,1222670,The Sims™ 4,life,2,0,1,0,1,0,0,0,0,0,0,0,0,0,0,0,0,0
230685309,1222670,The Sims™ 4,life,1,0,0,0,0,0,0,0,0,0,0,0,0,0,0,0,0,1
230679140,1222670,The Sims™ 4,life,1,0,0,0,0,0,0,0,0,0,0,0,0,0,0,0,0,1
230677241,1222670,The Sims™ 4,life,1,0,1,0,0,0,0,0,0,0,0,0,0,0,0,0,0,0
230676916,1222670,The Sims™ 4,life,2,0,1,0,0,0,0,0,0,0,0,0,0,0,0,1,0,0
230673724,1222670,The Sims™ 4,life,2,0,1,0,0,0,0,0,0,0,0,0,0,0,0,1,0,0
230672449,1222670,The Sims™ 4,life,1,0,0,0,0,0,0,0,0,0,0,0,0,0,0,0,0,1
230671281,1222670,The Sims™ 4,life,1,0,0,0,0,0,0,0,0,0,0,0,0,0,0,0,0,1
230660249,1222670,The Sims™ 4,life,1,0,0,0,0,0,0,0,0,0,0,0,0,0,0,0,0,1
230657620,1222670,The Sims™ 4,life,1,0,0,0,1,0,0,0,0,0,0,0,0,0,0,0,0,0
230656954,1222670,The Sims™ 4,life,1,0,0,0,0,0,0,0,0,0,0,0,0,0,0,1,0,0
230652598,1222670,The Sims™ 4,life,1,1,0,0,0,0,0,0,0,0,0,0,0,0,0,0,0,0
230643118,1222670,The Sims™ 4,life,2,1,0,0,1,0,0,0,0,0,0,0,0,0,0,0,0,0
230628853,1222670,The Sims™ 4,life,1,0,0,0,0,0,0,0,0,0,0,0,0,0,0,0,0,1
230623664,1222670,The Sims™ 4,life,3,0,1,0,1,1,0,0,0,0,0,0,0,0,0,0,0,0
230614739,1222670,The Sims™ 4,life,2,1,0,0,0,0,0,0,0,0,0,0,0,0,0,1,0,0
230607160,1222670,The Sims™ 4,life,6,1,1,0,1,0,1,0,0,0,0,0,0,0,1,1,0,0
230601483,1222670,The Sims™ 4,life,1,0,0,0,0,0,0,0,0,0,0,0,0,0,0,0,0,1
230579333,1222670,The Sims™ 4,life,1,0,0,0,1,0,0,0,0,0,0,0,0,0,0,0,0,0
230578533,1222670,The Sims™ 4,life,1,0,0,0,0,0,0,0,0,0,0,0,0,0,0,0,0,1
230564655,1222670,The Sims™ 4,life,1,0,0,0,0,0,0,0,0,0,0,0,0,0,0,0,1,0
230557936,1222670,The Sims™ 4,life,1,0,0,0,0,0,0,0,0,0,0,0,0,0,0,0,0,1
230539770,1222670,The Sims™ 4,life,4,0,0,0,0,1,1,0,0,0,0,0,0,1,0,1,0,0
230526410,1222670,The Sims™ 4,life,2,1,1,0,0,0,0,0,0,0,0,0,0,0,0,0,0,0
230494567,1222670,The Sims™ 4,life,1,0,0,0,1,0,0,0,0,0,0,0,0,0,0,0,0,0
230493832,1222670,The Sims™ 4,life,1,0,0,0,0,0,0,0,0,0,0,0,0,0,0,0,1,0
230480402,1222670,The Sims™ 4,life,3,1,0,0,0,0,0,0,0,1,0,0,0,0,1,0,0,0
230453901,1222670,The Sims™ 4,life,1,0,1,0,0,0,0,0,0,0,0,0,0,0,0,0,0,0
230419475,1222670,The Sims™ 4,life,1,0,0,0,0,0,0,0,0,0,0,0,0,0,0,0,0,1
230400345,1222670,The Sims™ 4,life,6,1,1,0,1,1,0,0,0,1,0,0,0,1,0,0,0,0
230380117,1222670,The Sims™ 4,life,2,0,1,0,0,0,0,0,0,0,1,0,0,0,0,0,0,0
230346720,1222670,The Sims™ 4,life,1,0,0,0,0,0,0,0,0,0,0,0,0,0,0,0,0,1
230344862,1222670,The Sims™ 4,life,1,0,0,0,0,0,0,0,0,0,0,0,0,0,0,1,0,0
230340883,1222670,The Sims™ 4,life,3,1,0,0,0,1,0,0,0,0,0,0,0,0,0,1,0,0
230334561,1222670,The Sims™ 4,life,1,0,0,0,1,0,0,0,0,0,0,0,0,0,0,0,0,0
230309090,1222670,The Sims™ 4,life,1,0,0,0,0,0,0,0,0,0,0,0,0,0,0,0,1,0
230306303,1222670,The Sims™ 4,life,1,0,0,0,0,0,0,0,0,0,0,0,0,0,0,0,1,0
230266092,1222670,The Sims™ 4,life,1,0,0,0,0,0,0,0,0,0,0,0,0,0,0,0,1,0
230264425,1222670,The Sims™ 4,life,1,0,0,0,0,0,0,0,0,0,0,0,0,0,0,0,1,0
230260780,1222670,The Sims™ 4,life,2,0,0,0,1,0,0,0,0,0,0,0,0,0,0,1,0,0
230250575,1222670,The Sims™ 4,life,1,0,0,0,0,0,0,0,0,0,0,0,1,0,0,0,0,0
230240221,1222670,The Sims™ 4,life,2,0,1,0,1,0,0,0,0,0,0,0,0,0,0,0,0,0
230223542,1222670,The Sims™ 4,life,1,0,0,0,0,0,0,0,0,0,0,0,0,0,0,0,1,0
230220128,1222670,The Sims™ 4,life,2,0,1,0,1,0,0,0,0,0,0,0,0,0,0,0,0,0
230198632,1222670,The Sims™ 4,life,2,1,0,0,1,0,0,0,0,0,0,0,0,0,0,0,0,0
230182813,1222670,The Sims™ 4,life,1,0,0,0,0,0,0,0,0,0,0,0,0,0,0,0,0,1
230174760,1222670,The Sims™ 4,life,1,0,0,0,0,0,0,0,0,0,0,0,0,0,0,0,0,1
230132708,1222670,The Sims™ 4,life,1,1,0,0,0,0,0,0,0,0,0,0,0,0,0,0,0,0
230085826,1222670,The Sims™ 4,life,1,1,0,0,0,0,0,0,0,0,0,0,0,0,0,0,0,0
230066547,1222670,The Sims™ 4,life,1,0,1,0,0,0,0,0,0,0,0,0,0,0,0,0,0,0
230060599,1222670,The Sims™ 4,life,1,0,0,0,0,0,0,0,0,0,0,0,0,0,0,0,0,1
230058878,1222670,The Sims™ 4,life,1,0,1,0,0,0,0,0,0,0,0,0,0,0,0,0,0,0
230042075,1222670,The Sims™ 4,life,1,1,0,0,0,0,0,0,0,0,0,0,0,0,0,0,0,0
230019944,1222670,The Sims™ 4,life,1,0,0,0,1,0,0,0,0,0,0,0,0,0,0,0,0,0
230013783,1222670,The Sims™ 4,life,1,0,0,0,0,0,0,0,0,0,0,0,0,0,0,0,0,1
229998951,1222670,The Sims™ 4,life,1,0,0,0,0,0,0,0,0,0,0,0,0,0,0,0,0,1
229987074,1222670,The Sims™ 4,life,2,0,1,0,0,0,0,0,0,0,0,0,0,0,0,1,0,0
229958011,1222670,The Sims™ 4,life,1,0,0,0,0,0,0,0,0,0,0,0,0,0,0,0,0,1
229896847,1222670,The Sims™ 4,life,4,1,1,0,1,0,1,0,0,0,0,0,0,0,0,0,0,0
229895902,1222670,The Sims™ 4,life,2,0,1,0,1,0,0,0,0,0,0,0,0,0,0,0,0,0
229893179,1222670,The Sims™ 4,life,1,0,0,0,0,0,0,0,0,0,0,0,0,0,0,0,1,0
229821091,1222670,The Sims™ 4,life,1,0,1,0,0,0,0,0,0,0,0,0,0,0,0,0,0,0
229807361,1222670,The Sims™ 4,life,1,0,0,0,0,0,0,0,0,0,0,0,0,0,0,0,0,1
229781727,1222670,The Sims™ 4,life,1,0,0,0,1,0,0,0,0,0,0,0,0,0,0,0,0,0
229725546,1222670,The Sims™ 4,life,1,0,0,0,0,0,0,0,0,0,0,0,0,0,0,1,0,0
229723543,1222670,The Sims™ 4,life,1,0,0,0,0,0,0,0,0,0,0,0,0,0,0,0,1,0
229723531,1222670,The Sims™ 4,life,3,0,1,0,1,0,0,0,0,0,0,0,0,0,0,1,0,0
229718774,1222670,The Sims™ 4,life,2,0,1,0,1,0,0,0,0,0,0,0,0,0,0,0,0,0
229697277,1222670,The Sims™ 4,life,1,0,0,0,0,0,0,0,0,0,0,0,0,0,0,0,0,1
229646684,1222670,The Sims™ 4,life,1,0,0,0,1,0,0,0,0,0,0,0,0,0,0,0,0,0
229639432,1222670,The Sims™ 4,life,1,0,0,0,0,0,0,0,0,0,0,0,0,0,0,0,1,0
229630030,1222670,The Sims™ 4,life,1,0,1,0,0,0,0,0,0,0,0,0,0,0,0,0,0,0
229629989,1222670,The Sims™ 4,life,1,0,0,0,0,0,0,0,0,0,0,0,0,0,0,0,0,1
229629592,1222670,The Sims™ 4,life,1,0,0,0,0,0,0,0,0,0,0,0,0,0,0,0,0,1
229609162,1222670,The Sims™ 4,life,1,0,0,0,1,0,0,0,0,0,0,0,0,0,0,0,0,0
229589050,1222670,The Sims™ 4,life,3,0,1,0,1,0,0,0,0,0,1,0,0,0,0,0,0,0
229560663,1222670,The Sims™ 4,life,1,0,0,0,0,0,0,0,0,0,0,0,0,0,0,0,1,0
229543190,1222670,The Sims™ 4,life,1,0,0,0,1,0,0,0,0,0,0,0,0,0,0,0,0,0
229535143,1222670,The Sims™ 4,life,3,1,0,0,1,0,0,0,0,0,1,0,0,0,0,0,0,0
229522566,1222670,The Sims™ 4,life,1,0,1,0,0,0,0,0,0,0,0,0,0,0,0,0,0,0
229517291,1222670,The Sims™ 4,life,1,0,1,0,0,0,0,0,0,0,0,0,0,0,0,0,0,0
229499506,1222670,The Sims™ 4,life,1,1,0,0,0,0,0,0,0,0,0,0,0,0,0,0,0,0
229458153,1222670,The Sims™ 4,life,4,1,1,0,1,0,0,0,0,0,0,0,0,0,1,0,0,0
229455464,1222670,The Sims™ 4,life,3,1,1,0,0,1,0,0,0,0,0,0,0,0,0,0,0,0
229445405,1222670,The Sims™ 4,life,1,0,1,0,0,0,0,0,0,0,0,0,0,0,0,0,0,0
229440705,1222670,The Sims™ 4,life,1,0,0,0,0,0,0,0,0,0,0,0,0,0,0,0,1,0
229439810,1222670,The Sims™ 4,life,2,0,0,0,0,0,0,1,0,0,0,0,0,0,0,1,0,0
229415773,1222670,The Sims™ 4,life,1,0,0,0,0,0,0,0,0,0,0,0,0,0,0,0,1,0
229389520,1222670,The Sims™ 4,life,3,1,1,0,1,0,0,0,0,0,0,0,0,0,0,0,0,0
229388504,1222670,The Sims™ 4,life,1,0,0,0,0,0,0,0,0,0,0,0,0,1,0,0,0,0
229384605,1222670,The Sims™ 4,life,1,0,0,0,0,0,0,0,0,0,0,0,0,0,0,0,0,1
229383790,1222670,The Sims™ 4,life,1,0,0,0,1,0,0,0,0,0,0,0,0,0,0,0,0,0
229370573,1222670,The Sims™ 4,life,1,0,0,0,1,0,0,0,0,0,0,0,0,0,0,0,0,0
229325723,1222670,The Sims™ 4,life,1,0,0,0,1,0,0,0,0,0,0,0,0,0,0,0,0,0
229314728,1222670,The Sims™ 4,life,1,0,0,0,0,0,0,0,0,0,0,0,0,0,0,0,0,1
229304074,1222670,The Sims™ 4,life,2,1,0,0,0,0,0,0,0,0,0,0,0,0,0,1,0,0
229295744,1222670,The Sims™ 4,life,3,0,1,0,0,0,1,0,0,0,0,0,0,0,0,1,0,0
229289973,1222670,The Sims™ 4,life,1,0,0,0,0,0,0,0,0,0,0,0,0,0,0,0,0,1
229288854,1222670,The Sims™ 4,life,1,0,1,0,0,0,0,0,0,0,0,0,0,0,0,0,0,0
229284019,1222670,The Sims™ 4,life,3,0,1,0,1,1,0,0,0,0,0,0,0,0,0,0,0,0
229277671,1222670,The Sims™ 4,life,2,0,1,0,1,0,0,0,0,0,0,0,0,0,0,0,0,0
229236189,1222670,The Sims™ 4,life,6,1,1,0,1,0,0,1,0,0,0,0,0,0,1,1,0,0
229217075,1222670,The Sims™ 4,life,3,1,1,0,1,0,0,0,0,0,0,0,0,0,0,0,0,0
229191899,1222670,The Sims™ 4,life,1,0,0,0,0,0,0,0,0,0,0,0,0,0,0,0,0,1
229188553,1222670,The Sims™ 4,life,1,0,0,0,0,0,0,0,0,0,0,0,0,0,0,0,1,0
229169831,1222670,The Sims™ 4,life,2,0,1,0,1,0,0,0,0,0,0,0,0,0,0,0,0,0
229158009,1222670,The Sims™ 4,life,3,0,1,0,1,0,1,0,0,0,0,0,0,0,0,0,0,0
229157601,1222670,The Sims™ 4,life,1,1,0,0,0,0,0,0,0,0,0,0,0,0,0,0,0,0
229125677,1222670,The Sims™ 4,life,1,0,0,0,0,0,0,0,0,0,0,0,0,0,0,0,1,0
229119647,1222670,The Sims™ 4,life,1,0,1,0,0,0,0,0,0,0,0,0,0,0,0,0,0,0
229109334,1222670,The Sims™ 4,life,1,0,0,0,0,0,0,0,0,0,0,0,0,0,0,0,0,1
231809828,413150,Stardew Valley,life,1,0,0,0,0,0,0,0,0,0,0,0,0,0,0,0,0,1
231732041,413150,Stardew Valley,life,1,0,0,0,0,0,0,0,0,0,0,0,0,0,0,0,0,1
231713077,413150,Stardew Valley,life,1,0,0,0,0,0,0,0,0,0,0,0,0,0,0,0,0,1
231705722,413150,Stardew Valley,life,1,0,0,0,0,0,0,0,0,1,0,0,0,0,0,0,0,0
231704713,413150,Stardew Valley,life,1,0,0,0,0,0,0,0,0,0,0,0,0,0,0,0,0,1
231475675,413150,Stardew Valley,life,2,0,1,0,1,0,0,0,0,0,0,0,0,0,0,0,0,0
231438082,413150,Stardew Valley,life,1,0,0,0,0,0,0,0,0,0,0,0,0,0,0,0,1,0
231407189,413150,Stardew Valley,life,1,0,0,0,0,0,0,0,0,0,0,0,0,0,0,0,0,1
231389506,413150,Stardew Valley,life,3,0,0,0,0,0,1,0,0,0,1,0,1,0,0,0,0,0
231329003,413150,Stardew Valley,life,1,0,0,0,0,0,0,0,0,0,0,0,0,0,0,0,0,1
231163756,413150,Stardew Valley,life,3,0,0,0,1,0,0,0,0,0,1,0,0,0,1,0,0,0
231102766,413150,Stardew Valley,life,2,0,0,0,0,0,0,0,0,0,0,1,1,0,0,0,0,0
231081993,413150,Stardew Valley,life,1,0,0,0,0,0,0,0,0,0,0,0,1,0,0,0,0,0
231078445,413150,Stardew Valley,life,1,0,0,0,0,0,0,0,0,0,0,0,0,0,0,0,1,0
231071102,413150,Stardew Valley,life,1,0,0,0,0,0,0,0,0,0,0,0,0,0,0,0,1,0
231022272,413150,Stardew Valley,life,1,0,0,0,0,0,0,0,0,0,0,0,0,0,0,0,1,0
231492156,666140,My Time at Portia,life,3,0,0,0,1,1,0,0,0,0,0,0,1,0,0,0,0,0
231240526,666140,My Time at Portia,life,1,0,0,0,0,0,0,0,0,0,0,0,0,0,0,0,1,0
231081202,666140,My Time at Portia,life,1,0,0,0,0,0,0,0,0,0,0,0,1,0,0,0,0,0
230916691,666140,My Time at Portia,life,1,0,0,0,0,1,0,0,0,0,0,0,0,0,0,0,0,0
230778349,666140,My Time at Portia,life,1,1,0,0,0,0,0,0,0,0,0,0,0,0,0,0,0,0
230116809,666140,My Time at Portia,life,2,0,0,0,0,0,0,0,0,1,0,0,1,0,0,0,0,0
229933267,666140,My Time at Portia,life,1,0,0,0,0,0,0,0,0,0,0,0,0,0,0,0,0,1
229682944,666140,My Time at Portia,life,1,0,0,0,0,0,0,0,0,0,0,0,0,0,0,0,0,1
229028946,666140,My Time at Portia,life,3,0,1,0,0,1,1,0,0,0,0,0,0,0,0,0,0,0
228690032,666140,My Time at Portia,life,1,0,0,0,0,0,0,0,0,0,0,0,0,0,0,0,0,1
227163292,666140,My Time at Portia,life,3,1,0,0,0,0,0,1,0,0,0,0,1,0,0,0,0,0
226066413,666140,My Time at Portia,life,1,0,0,0,0,0,0,1,0,0,0,0,0,0,0,0,0,0
225616512,666140,My Time at Portia,life,1,0,0,0,0,0,0,0,0,0,0,0,0,0,0,0,0,1
224113499,666140,My Time at Portia,life,3,0,0,0,0,0,0,0,0,0,1,1,1,0,0,0,0,0
223670675,666140,My Time at Portia,life,5,1,1,1,0,0,0,1,0,0,0,0,0,0,0,1,0,0
223270041,666140,My Time at Portia,life,7,1,1,1,1,0,0,1,0,0,0,0,1,0,1,0,0,0
223228321,666140,My Time at Portia,life,1,0,0,0,0,0,0,0,0,0,1,0,0,0,0,0,0,0
222673454,666140,My Time at Portia,life,3,0,0,0,0,1,0,0,0,0,1,1,0,0,0,0,0,0
221712128,666140,My Time at Portia,life,2,1,0,0,0,1,0,0,0,0,0,0,0,0,0,0,0,0
221484963,666140,My Time at Portia,life,2,1,0,0,0,0,0,0,0,1,0,0,0,0,0,0,0,0
220902567,666140,My Time at Portia,life,1,0,0,0,0,0,0,0,0,0,0,0,0,0,0,0,1,0
219872710,666140,My Time at Portia,life,2,1,0,0,0,0,0,0,0,0,0,0,0,1,0,0,0,0
219702397,666140,My Time at Portia,life,2,1,0,0,0,0,0,0,0,1,0,0,0,0,0,0,0,0
219100955,666140,My Time at Portia,life,1,0,0,0,0,0,0,0,0,0,0,0,0,0,0,0,0,1
219071632,666140,My Time at Portia,life,1,0,0,0,0,0,1,0,0,0,0,0,0,0,0,0,0,0
218938833,666140,My Time at Portia,life,2,1,1,0,0,0,0,0,0,0,0,0,0,0,0,0,0,0
218919603,666140,My Time at Portia,life,1,0,0,0,0,0,0,0,0,0,0,0,1,0,0,0,0,0
218356990,666140,My Time at Portia,life,1,0,0,0,0,0,0,0,0,0,0,0,0,0,0,0,1,0
217530194,666140,My Time at Portia,life,1,0,0,0,0,0,0,0,0,0,0,0,1,0,0,0,0,0
216980954,666140,My Time at Portia,life,1,1,0,0,0,0,0,0,0,0,0,0,0,0,0,0,0,0
216284229,666140,My Time at Portia,life,2,0,0,0,0,0,0,0,0,0,0,0,1,0,1,0,0,0
215457183,666140,My Time at Portia,life,1,1,0,0,0,0,0,0,0,0,0,0,0,0,0,0,0,0
215077339,666140,My Time at Portia,life,1,0,0,0,0,0,0,0,0,0,0,0,1,0,0,0,0,0
214560148,666140,My Time at Portia,life,1,0,0,0,0,0,0,0,0,0,0,0,0,0,0,1,0,0
214476983,666140,My Time at Portia,life,2,1,0,0,0,0,0,0,0,0,0,0,0,1,0,0,0,0
213155765,666140,My Time at Portia,life,3,1,1,0,1,0,0,0,0,0,0,0,0,0,0,0,0,0
213090192,666140,My Time at Portia,life,4,1,0,0,1,0,0,0,0,0,0,0,0,1,1,0,0,0
212546572,666140,My Time at Portia,life,2,1,0,0,0,0,0,0,0,0,0,0,0,1,0,0,0,0
212443724,666140,My Time at Portia,life,1,0,0,0,0,0,0,0,0,0,1,0,0,0,0,0,0,0
211658899,666140,My Time at Portia,life,1,0,0,0,0,0,0,0,0,0,0,0,0,0,0,0,1,0
209411237,666140,My Time at Portia,life,1,0,0,0,0,0,0,0,0,0,0,0,0,0,1,0,0,0
208476394,666140,My Time at Portia,life,1,0,0,0,0,0,0,0,0,0,0,0,0,0,0,0,1,0
207791499,666140,My Time at Portia,life,1,1,0,0,0,0,0,0,0,0,0,0,0,0,0,0,0,0
205370516,666140,My Time at Portia,life,1,0,0,0,0,0,0,0,0,0,0,0,0,0,0,0,0,1
205206324,666140,My Time at Portia,life,2,1,0,0,0,1,0,0,0,0,0,0,0,0,0,0,0,0
204927218,666140,My Time at Portia,life,3,0,1,0,0,0,0,0,0,1,0,0,1,0,0,0,0,0
204592420,666140,My Time at Portia,life,4,0,1,0,0,1,0,0,0,0,0,0,1,0,0,1,0,0
204510574,666140,My Time at Portia,life,1,0,0,0,0,0,0,0,0,0,0,0,0,0,0,0,0,1
204060179,666140,My Time at Portia,life,2,0,0,0,0,0,1,0,0,0,0,0,1,0,0,0,0,0
203984825,666140,My Time at Portia,life,2,0,0,0,0,0,1,0,0,0,0,0,1,0,0,0,0,0
203838249,666140,My Time at Portia,life,1,0,0,0,0,0,0,0,0,0,0,0,0,1,0,0,0,0
203506687,666140,My Time at Portia,life,4,1,0,0,1,1,0,0,0,0,0,0,0,1,0,0,0,0
203334691,666140,My Time at Portia,life,1,0,0,0,0,0,0,0,0,0,0,0,0,0,0,0,0,1
203150229,666140,My Time at Portia,life,2,1,0,0,0,1,0,0,0,0,0,0,0,0,0,0,0,0
203136394,666140,My Time at Portia,life,2,0,0,0,0,0,0,1,0,0,1,0,0,0,0,0,0,0
202959071,666140,My Time at Portia,life,1,0,0,0,0,0,0,0,0,0,0,0,0,0,0,0,1,0
202618968,666140,My Time at Portia,life,1,1,0,0,0,0,0,0,0,0,0,0,0,0,0,0,0,0
202446505,666140,My Time at Portia,life,1,0,0,0,0,0,0,0,0,0,0,0,0,0,0,0,0,1
202341849,666140,My Time at Portia,life,1,0,0,0,0,0,0,0,0,0,0,0,0,0,0,0,1,0
202323715,666140,My Time at Portia,life,1,1,0,0,0,0,0,0,0,0,0,0,0,0,0,0,0,0
202108569,666140,My Time at Portia,life,1,1,0,0,0,0,0,0,0,0,0,0,0,0,0,0,0,0
202011189,666140,My Time at Portia,life,1,1,0,0,0,0,0,0,0,0,0,0,0,0,0,0,0,0
201911582,666140,My Time at Portia,life,1,0,0,0,0,0,0,0,0,0,0,0,0,0,0,0,0,1
201855855,666140,My Time at Portia,life,6,1,0,0,1,1,0,0,0,0,0,0,1,1,1,0,0,0
201239717,666140,My Time at Portia,life,2,0,1,0,0,0,0,0,0,1,0,0,0,0,0,0,0,0
200892562,666140,My Time at Portia,life,1,1,0,0,0,0,0,0,0,0,0,0,0,0,0,0,0,0
200887426,666140,My Time at Portia,life,1,0,0,0,0,0,0,0,0,0,0,0,0,0,0,0,0,1
200850708,666140,My Time at Portia,life,1,0,0,0,0,0,0,0,0,0,1,0,0,0,0,0,0,0
200791438,666140,My Time at Portia,life,1,0,0,0,0,0,0,0,0,0,1,0,0,0,0,0,0,0
200786933,666140,My Time at Portia,life,3,1,0,0,0,1,0,0,0,1,0,0,0,0,0,0,0,0
200693462,666140,My Time at Portia,life,2,0,0,0,0,0,0,0,0,0,1,0,0,1,0,0,0,0
200589455,666140,My Time at Portia,life,2,0,0,0,0,0,0,0,0,0,0,0,1,1,0,0,0,0
200429372,666140,My Time at Portia,life,1,0,0,0,0,0,0,0,0,0,0,0,1,0,0,0,0,0
200428166,666140,My Time at Portia,life,1,0,0,0,0,0,0,0,0,0,0,0,0,0,0,0,0,1
200412160,666140,My Time at Portia,life,3,0,0,0,0,0,0,0,0,0,1,0,1,1,0,0,0,0
200381462,666140,My Time at Portia,life,1,0,0,0,0,0,0,0,0,0,0,0,1,0,0,0,0,0
200359180,666140,My Time at Portia,life,1,0,0,0,0,0,0,0,0,0,0,0,1,0,0,0,0,0
200327175,666140,My Time at Portia,life,1,0,0,0,0,0,0,0,0,0,0,0,0,0,0,0,0,1
200272300,666140,My Time at Portia,life,3,1,0,0,0,0,0,0,0,0,0,0,1,1,0,0,0,0
200099588,666140,My Time at Portia,life,3,1,0,0,0,1,0,0,0,0,0,0,1,0,0,0,0,0
199167732,666140,My Time at Portia,life,4,1,0,0,0,0,0,1,0,1,0,0,1,0,0,0,0,0
199053187,666140,My Time at Portia,life,2,0,0,0,0,1,0,0,0,0,0,0,1,0,0,0,0,0
197987223,666140,My Time at Portia,life,1,0,0,0,0,0,1,0,0,0,0,0,0,0,0,0,0,0
196368494,666140,My Time at Portia,life,1,1,0,0,0,0,0,0,0,0,0,0,0,0,0,0,0,0
196032718,666140,My Time at Portia,life,3,0,0,0,0,0,0,0,0,0,0,0,1,1,1,0,0,0
195503904,666140,My Time at Portia,life,1,1,0,0,0,0,0,0,0,0,0,0,0,0,0,0,0,0
195156446,666140,My Time at Portia,life,1,0,0,0,0,0,0,0,0,0,0,0,0,0,0,0,1,0
194458696,666140,My Time at Portia,life,8,1,1,0,1,1,1,1,0,1,1,0,0,0,0,0,0,0
194143709,666140,My Time at Portia,life,3,1,0,0,0,0,0,0,0,0,1,0,1,0,0,0,0,0
193460974,666140,My Time at Portia,life,1,1,0,0,0,0,0,0,0,0,0,0,0,0,0,0,0,0
193368066,666140,My Time at Portia,life,3,0,0,0,1,0,1,0,0,0,0,0,0,0,1,0,0,0
193283994,666140,My Time at Portia,life,4,1,1,0,0,0,0,0,0,1,0,0,0,1,0,0,0,0
193102180,666140,My Time at Portia,life,4,0,0,0,0,1,1,0,0,0,0,0,1,0,0,1,0,0
192706620,666140,My Time at Portia,life,1,0,0,0,0,0,0,0,0,0,0,0,0,0,0,0,0,1
192342169,666140,My Time at Portia,life,1,1,0,0,0,0,0,0,0,0,0,0,0,0,0,0,0,0
191890385,666140,My Time at Portia,life,2,1,0,0,0,1,0,0,0,0,0,0,0,0,0,0,0,0
190696324,666140,My Time at Portia,life,3,1,0,0,0,0,0,0,0,1,1,0,0,0,0,0,0,0
190623017,666140,My Time at Portia,life,6,0,1,0,0,1,0,0,0,1,1,0,1,1,0,0,0,0
190503640,666140,My Time at Portia,life,1,0,0,0,0,0,0,0,0,0,0,0,0,0,0,0,0,1
190061065,666140,My Time at Portia,life,1,1,0,0,0,0,0,0,0,0,0,0,0,0,0,0,0,0
190016600,666140,My Time at Portia,life,1,0,0,0,0,0,0,0,0,0,0,0,0,1,0,0,0,0
189300383,666140,My Time at Portia,life,1,0,0,0,0,0,0,0,0,0,0,0,0,0,0,0,0,1
189200741,666140,My Time at Portia,life,1,0,0,0,1,0,0,0,0,0,0,0,0,0,0,0,0,0
189145347,666140,My Time at Portia,life,1,0,0,0,0,0,0,0,0,0,0,0,0,0,0,0,0,1
188785673,666140,My Time at Portia,life,5,1,0,0,1,0,0,0,0,0,0,0,0,1,1,1,0,0
188678565,666140,My Time at Portia,life,1,0,0,0,0,0,0,0,0,0,0,0,1,0,0,0,0,0
188451993,666140,My Time at Portia,life,1,0,0,0,0,0,0,0,0,0,0,0,0,0,0,0,0,1
188312453,666140,My Time at Portia,life,3,1,1,0,0,0,0,0,0,0,0,0,0,0,1,0,0,0
188098573,666140,My Time at Portia,life,2,0,0,0,0,0,1,0,0,0,0,0,0,0,1,0,0,0
187837866,666140,My Time at Portia,life,1,0,0,0,0,0,0,0,0,0,0,0,0,1,0,0,0,0
187490489,666140,My Time at Portia,life,4,1,0,0,0,1,0,1,0,1,0,0,0,0,0,0,0,0
187281750,666140,My Time at Portia,life,3,0,0,0,0,0,0,0,0,1,1,0,0,1,0,0,0,0
187261419,666140,My Time at Portia,life,2,0,0,0,0,1,0,0,0,0,0,0,0,1,0,0,0,0
187045837,666140,My Time at Portia,life,4,1,1,0,1,0,0,0,0,0,1,0,0,0,0,0,0,0
186790894,666140,My Time at Portia,life,1,0,0,0,0,0,0,0,0,0,0,0,1,0,0,0,0,0
186576170,666140,My Time at Portia,life,1,0,0,0,0,0,0,0,0,0,0,0,0,0,0,0,0,1
186062050,666140,My Time at Portia,life,1,1,0,0,0,0,0,0,0,0,0,0,0,0,0,0,0,0
186036763,666140,My Time at Portia,life,3,1,0,0,1,1,0,0,0,0,0,0,0,0,0,0,0,0
185768751,666140,My Time at Portia,life,1,0,0,0,0,0,0,0,0,0,0,0,0,0,0,0,0,1
185284740,666140,My Time at Portia,life,1,0,0,0,0,0,0,0,0,0,0,0,1,0,0,0,0,0
185232367,666140,My Time at Portia,life,3,0,1,0,0,0,0,0,0,0,0,0,0,0,1,1,0,0
184967391,666140,My Time at Portia,life,2,0,0,0,0,0,0,0,0,0,0,1,1,0,0,0,0,0
184794446,666140,My Time at Portia,life,4,1,1,0,0,0,0,1,0,0,0,0,1,0,0,0,0,0
184734881,666140,My Time at Portia,life,1,0,0,0,0,1,0,0,0,0,0,0,0,0,0,0,0,0
183259693,666140,My Time at Portia,life,3,0,0,0,0,1,0,0,0,1,0,0,1,0,0,0,0,0
183259198,666140,My Time at Portia,life,1,0,0,0,0,0,0,0,0,0,0,0,0,0,1,0,0,0
182623869,666140,My Time at Portia,life,2,0,1,0,0,0,0,1,0,0,0,0,0,0,0,0,0,0
181442083,666140,My Time at Portia,life,4,1,0,0,1,0,1,1,0,0,0,0,0,0,0,0,0,0
179144379,666140,My Time at Portia,life,1,0,0,0,1,0,0,0,0,0,0,0,0,0,0,0,0,0
179067950,666140,My Time at Portia,life,1,1,0,0,0,0,0,0,0,0,0,0,0,0,0,0,0,0
179040891,666140,My Time at Portia,life,1,0,0,0,0,0,0,0,0,0,0,1,0,0,0,0,0,0
178985791,666140,My Time at Portia,life,3,0,0,0,0,0,1,0,0,0,1,0,1,0,0,0,0,0
178867079,666140,My Time at Portia,life,1,0,0,0,0,0,0,0,0,0,0,0,1,0,0,0,0,0
178769641,666140,My Time at Portia,life,1,1,0,0,0,0,0,0,0,0,0,0,0,0,0,0,0,0
178532807,666140,My Time at Portia,life,1,0,0,0,0,0,0,0,0,0,0,0,0,0,0,0,0,1
178275509,666140,My Time at Portia,life,4,1,1,0,0,0,0,0,0,0,0,0,1,0,1,0,0,0
178264524,666140,My Time at Portia,life,5,0,0,0,1,1,1,1,0,0,0,0,0,1,0,0,0,0
177732559,666140,My Time at Portia,life,1,0,0,0,0,0,0,0,0,0,0,0,0,0,0,0,0,1
177691410,666140,My Time at Portia,life,6,1,1,0,0,1,1,1,0,0,0,0,1,0,0,0,0,0
177580354,666140,My Time at Portia,life,6,1,1,0,1,1,0,0,0,0,0,0,1,1,0,0,0,0
176684468,666140,My Time at Portia,life,1,0,0,0,0,0,0,0,0,0,0,0,0,0,0,0,0,1
176512422,666140,My Time at Portia,life,1,0,0,0,0,0,0,0,0,0,0,0,1,0,0,0,0,0
176078608,666140,My Time at Portia,life,1,1,0,0,0,0,0,0,0,0,0,0,0,0,0,0,0,0
176065644,666140,My Time at Portia,life,1,0,0,0,0,0,0,0,0,0,0,0,0,0,0,0,1,0
175782891,666140,My Time at Portia,life,1,0,0,0,0,0,0,0,0,0,0,0,0,0,0,0,0,1
175780165,666140,My Time at Portia,life,1,0,0,0,0,0,0,0,0,0,0,0,0,0,0,0,0,1
175409956,666140,My Time at Portia,life,1,1,0,0,0,0,0,0,0,0,0,0,0,0,0,0,0,0
175336893,666140,My Time at Portia,life,3,0,0,0,0,0,0,0,0,0,1,0,1,0,1,0,0,0
175303876,666140,My Time at Portia,life,3,1,0,0,0,0,0,0,0,0,0,1,1,0,0,0,0,0
175177022,666140,My Time at Portia,life,1,0,0,0,0,0,0,0,0,0,0,0,0,0,0,0,0,1
175171586,666140,My Time at Portia,life,1,0,0,0,0,0,0,0,0,0,0,0,0,0,0,0,0,1
174908213,666140,My Time at Portia,life,3,0,1,0,0,1,0,0,0,0,0,0,1,0,0,0,0,0
174683064,666140,My Time at Portia,life,5,0,0,0,0,0,1,1,0,0,0,0,1,1,0,1,0,0
174600186,666140,My Time at Portia,life,4,0,1,0,0,1,0,0,0,0,1,0,0,0,1,0,0,0
174528286,666140,My Time at Portia,life,2,0,1,0,0,0,0,0,0,0,0,0,0,0,1,0,0,0
174498467,666140,My Time at Portia,life,3,0,1,0,0,1,0,0,0,0,0,0,0,0,1,0,0,0
174491966,666140,My Time at Portia,life,2,0,1,0,0,1,0,0,0,0,0,0,0,0,0,0,0,0
173087044,666140,My Time at Portia,life,1,0,0,0,0,0,0,0,0,0,0,0,0,0,0,0,0,1
172482421,666140,My Time at Portia,life,1,0,0,0,0,0,0,0,0,0,0,0,0,0,0,0,0,1
172279930,666140,My Time at Portia,life,5,0,0,0,0,1,1,0,0,1,0,0,1,1,0,0,0,0
171841143,666140,My Time at Portia,life,1,0,0,0,0,0,0,0,0,0,0,0,0,0,0,0,0,1
171573539,666140,My Time at Portia,life,1,0,0,0,0,0,0,0,0,0,0,0,0,0,0,0,0,1
171543324,666140,My Time at Portia,life,3,1,0,0,0,1,0,0,0,0,0,1,0,0,0,0,0,0
171455343,666140,My Time at Portia,life,2,1,0,0,0,0,0,0,0,0,0,0,1,0,0,0,0,0
171414832,666140,My Time at Portia,life,1,0,0,0,0,0,0,0,0,0,0,0,0,0,0,0,0,1
171314717,666140,My Time at Portia,life,2,0,0,0,0,1,0,0,0,0,0,0,0,1,0,0,0,0
171273733,666140,My Time at Portia,life,1,0,0,0,0,0,0,0,0,1,0,0,0,0,0,0,0,0
171137711,666140,My Time at Portia,life,1,1,0,0,0,0,0,0,0,0,0,0,0,0,0,0,0,0
171060853,666140,My Time at Portia,life,2,0,0,0,0,0,0,1,0,0,0,0,0,1,0,0,0,0
169888717,666140,My Time at Portia,life,1,1,0,0,0,0,0,0,0,0,0,0,0,0,0,0,0,0
169183931,666140,My Time at Portia,life,3,1,0,0,0,0,0,0,0,0,0,0,1,0,1,0,0,0
169100497,666140,My Time at Portia,life,1,0,0,0,0,0,0,0,0,0,1,0,0,0,0,0,0,0
168831252,666140,My Time at Portia,life,1,1,0,0,0,0,0,0,0,0,0,0,0,0,0,0,0,0
168788799,666140,My Time at Portia,life,4,1,0,0,0,1,1,0,0,0,0,0,1,0,0,0,0,0
168771955,666140,My Time at Portia,life,2,0,0,0,0,0,0,0,0,0,1,0,1,0,0,0,0,0
168622129,666140,My Time at Portia,life,4,0,1,1,0,0,0,0,0,0,0,0,1,0,1,0,0,0
168581960,666140,My Time at Portia,life,1,0,0,0,0,0,0,0,0,0,0,0,0,0,0,0,0,1
168342648,666140,My Time at Portia,life,4,1,0,0,0,0,1,1,0,0,0,0,0,0,1,0,0,0
168041432,666140,My Time at Portia,life,2,0,0,0,0,1,0,0,0,0,0,0,1,0,0,0,0,0
167964791,666140,My Time at Portia,life,1,0,0,0,0,0,0,0,0,1,0,0,0,0,0,0,0,0
167653265,666140,My Time at Portia,life,2,1,0,1,0,0,0,0,0,0,0,0,0,0,0,0,0,0
167427805,666140,My Time at Portia,life,2,0,0,0,0,0,0,0,0,0,1,0,1,0,0,0,0,0
167247005,666140,My Time at Portia,life,2,0,0,0,0,1,1,0,0,0,0,0,0,0,0,0,0,0
166859855,666140,My Time at Portia,life,1,0,0,0,0,0,0,0,0,0,1,0,0,0,0,0,0,0
166316649,666140,My Time at Portia,life,5,0,1,0,1,0,1,1,0,0,0,0,0,0,1,0,0,0
166285390,666140,My Time at Portia,life,1,0,0,0,0,0,0,0,0,0,1,0,0,0,0,0,0,0
166238193,666140,My Time at Portia,life,4,1,0,0,0,1,1,0,0,0,0,0,0,1,0,0,0,0
166123988,666140,My Time at Portia,life,4,1,0,0,0,0,0,0,0,1,1,0,0,0,1,0,0,0
166048754,666140,My Time at Portia,life,1,0,0,0,0,0,0,1,0,0,0,0,0,0,0,0,0,0
165647106,666140,My Time at Portia,life,2,1,0,0,0,0,0,0,0,0,0,0,0,1,0,0,0,0
165611724,666140,My Time at Portia,life,2,0,0,0,0,0,0,0,0,0,0,0,1,1,0,0,0,0
165588225,666140,My Time at Portia,life,1,1,0,0,0,0,0,0,0,0,0,0,0,0,0,0,0,0
165394683,666140,My Time at Portia,life,2,1,0,0,1,0,0,0,0,0,0,0,0,0,0,0,0,0
165390511,666140,My Time at Portia,life,1,1,0,0,0,0,0,0,0,0,0,0,0,0,0,0,0,0
165115850,666140,My Time at Portia,life,1,1,0,0,0,0,0,0,0,0,0,0,0,0,0,0,0,0
165074651,666140,My Time at Portia,life,1,0,0,0,0,0,0,0,0,0,0,0,0,0,0,0,0,1
164952249,666140,My Time at Portia,life,1,0,0,0,0,0,0,0,0,0,0,0,0,0,0,0,0,1
164557319,666140,My Time at Portia,life,1,0,0,0,0,0,0,0,0,0,0,0,0,0,0,0,1,0
163792865,666140,My Time at Portia,life,2,1,0,0,0,1,0,0,0,0,0,0,0,0,0,0,0,0
163503862,666140,My Time at Portia,life,1,0,0,0,0,0,0,0,0,0,0,0,0,0,0,0,1,0
163277654,666140,My Time at Portia,life,1,1,0,0,0,0,0,0,0,0,0,0,0,0,0,0,0,0
162909116,666140,My Time at Portia,life,1,0,0,0,0,0,0,0,0,0,0,0,0,0,0,0,0,1
162206961,666140,My Time at Portia,life,3,0,0,0,0,0,0,0,0,0,1,0,0,1,1,0,0,0
162146630,666140,My Time at Portia,life,1,0,0,0,0,0,0,0,0,0,0,0,0,0,0,0,0,1
162018600,666140,My Time at Portia,life,1,1,0,0,0,0,0,0,0,0,0,0,0,0,0,0,0,0
161823384,666140,My Time at Portia,life,5,1,0,0,0,0,0,0,1,0,1,0,1,1,0,0,0,0
161578288,666140,My Time at Portia,life,1,0,0,0,0,0,0,0,0,0,0,0,0,0,0,0,1,0
161485773,666140,My Time at Portia,life,4,0,0,0,1,0,1,0,0,0,0,0,1,0,0,1,0,0
161154367,666140,My Time at Portia,life,1,0,0,0,0,1,0,0,0,0,0,0,0,0,0,0,0,0
161052411,666140,My Time at Portia,life,1,0,0,0,0,1,0,0,0,0,0,0,0,0,0,0,0,0
160878137,666140,My Time at Portia,life,1,0,1,0,0,0,0,0,0,0,0,0,0,0,0,0,0,0
160790723,666140,My Time at Portia,life,2,0,1,0,1,0,0,0,0,0,0,0,0,0,0,0,0,0
160708219,666140,My Time at Portia,life,2,0,0,0,0,0,1,0,0,0,0,0,0,1,0,0,0,0
159994770,666140,My Time at Portia,life,10,1,1,0,1,1,1,1,0,1,1,1,1,0,0,0,0,0
159572316,666140,My Time at Portia,life,2,1,0,0,0,0,0,1,0,0,0,0,0,0,0,0,0,0
158258830,666140,My Time at Portia,life,1,0,0,0,0,0,0,0,0,0,0,0,1,0,0,0,0,0
157732241,666140,My Time at Portia,life,2,0,0,0,0,0,0,0,0,0,1,0,1,0,0,0,0,0
156888477,666140,My Time at Portia,life,5,0,0,1,0,0,1,0,0,0,1,0,1,1,0,0,0,0
156371355,666140,My Time at Portia,life,1,1,0,0,0,0,0,0,0,0,0,0,0,0,0,0,0,0
156356072,666140,My Time at Portia,life,2,0,0,0,0,0,0,0,0,0,1,0,1,0,0,0,0,0
156008748,666140,My Time at Portia,life,1,0,0,0,0,0,0,0,0,0,0,0,0,1,0,0,0,0
155496234,666140,My Time at Portia,life,1,0,0,0,0,0,0,0,0,0,0,0,0,0,0,0,1,0
155453381,666140,My Time at Portia,life,3,0,1,0,0,1,0,0,0,0,0,0,0,0,1,0,0,0
155325941,666140,My Time at Portia,life,1,1,0,0,0,0,0,0,0,0,0,0,0,0,0,0,0,0
154863684,666140,My Time at Portia,life,1,0,0,0,0,0,0,0,0,0,0,0,1,0,0,0,0,0
154829303,666140,My Time at Portia,life,1,1,0,0,0,0,0,0,0,0,0,0,0,0,0,0,0,0
154760392,666140,My Time at Portia,life,2,0,0,0,0,0,1,0,0,0,0,0,1,0,0,0,0,0
154637428,666140,My Time at Portia,life,1,1,0,0,0,0,0,0,0,0,0,0,0,0,0,0,0,0
154584367,666140,My Time at Portia,life,2,0,0,0,0,1,0,0,0,0,0,0,0,1,0,0,0,0
154253411,666140,My Time at Portia,life,3,1,1,0,0,0,0,0,0,0,0,0,0,0,0,1,0,0
154089332,666140,My Time at Portia,life,1,0,0,0,0,0,0,0,0,0,0,0,0,0,0,0,1,0
153874497,666140,My Time at Portia,life,6,1,1,0,1,1,0,0,1,0,0,0,0,0,1,0,0,0
153575458,666140,My Time at Portia,life,1,0,0,0,0,0,0,0,0,0,0,0,0,0,0,0,0,1
153562265,666140,My Time at Portia,life,1,0,0,0,0,0,0,0,0,0,0,0,0,0,0,0,1,0
153501750,666140,My Time at Portia,life,3,1,1,0,0,0,0,0,0,0,0,0,1,0,0,0,0,0
231884859,599140,Graveyard Keeper,life,1,0,0,0,0,0,0,0,0,0,0,0,0,0,0,0,0,1
231786611,599140,Graveyard Keeper,life,2,1,0,0,0,0,0,0,0,0,0,0,0,0,0,1,0,0
231766222,599140,Graveyard Keeper,life,2,0,0,0,0,0,0,1,0,0,0,0,1,0,0,0,0,0
231720186,599140,Graveyard Keeper,life,1,0,0,0,0,0,0,0,0,0,0,0,0,0,0,0,0,1
231689553,599140,Graveyard Keeper,life,1,0,0,0,0,0,0,0,0,0,0,0,0,0,0,0,0,1
231642593,599140,Graveyard Keeper,life,1,0,0,0,0,0,0,0,0,0,0,0,0,0,0,0,1,0
231634857,599140,Graveyard Keeper,life,1,0,0,0,0,0,0,0,0,0,0,0,0,0,0,0,0,1
231511986,599140,Graveyard Keeper,life,1,0,0,0,0,0,0,0,0,0,0,1,0,0,0,0,0,0
231333295,599140,Graveyard Keeper,life,1,0,0,0,0,0,0,0,0,0,0,0,1,0,0,0,0,0
231308327,599140,Graveyard Keeper,life,2,0,0,0,0,0,0,0,0,0,1,0,1,0,0,0,0,0
231278444,599140,Graveyard Keeper,life,3,0,1,0,0,0,1,0,0,0,0,0,1,0,0,0,0,0
231202115,599140,Graveyard Keeper,life,4,0,0,0,0,1,0,1,0,1,0,0,1,0,0,0,0,0
231201317,599140,Graveyard Keeper,life,3,0,0,0,0,0,1,0,0,0,0,0,1,1,0,0,0,0
231191585,599140,Graveyard Keeper,life,1,0,0,0,0,0,0,0,0,0,0,0,1,0,0,0,0,0
231149427,599140,Graveyard Keeper,life,1,0,0,0,0,0,1,0,0,0,0,0,0,0,0,0,0,0
231131296,599140,Graveyard Keeper,life,3,0,0,0,1,1,0,0,0,0,0,0,0,0,1,0,0,0
231100004,599140,Graveyard Keeper,life,1,0,0,0,0,0,0,0,0,0,0,1,0,0,0,0,0,0
231033114,599140,Graveyard Keeper,life,5,1,1,0,0,1,0,1,0,0,0,0,1,0,0,0,0,0
230986377,599140,Graveyard Keeper,life,1,0,0,0,0,0,0,0,0,0,0,0,1,0,0,0,0,0
230979492,599140,Graveyard Keeper,life,1,1,0,0,0,0,0,0,0,0,0,0,0,0,0,0,0,0
230922937,599140,Graveyard Keeper,life,3,0,0,0,0,1,1,0,0,0,0,0,1,0,0,0,0,0
230887357,599140,Graveyard Keeper,life,2,0,0,0,0,0,0,0,0,0,0,0,1,1,0,0,0,0
230874474,599140,Graveyard Keeper,life,1,0,0,0,0,1,0,0,0,0,0,0,0,0,0,0,0,0
230805393,599140,Graveyard Keeper,life,1,1,0,0,0,0,0,0,0,0,0,0,0,0,0,0,0,0
230786048,599140,Graveyard Keeper,life,3,1,1,0,0,0,0,0,0,0,0,0,1,0,0,0,0,0
230784755,599140,Graveyard Keeper,life,1,1,0,0,0,0,0,0,0,0,0,0,0,0,0,0,0,0
230549782,599140,Graveyard Keeper,life,1,0,0,0,0,0,0,0,0,0,0,0,0,0,0,0,0,1
230526515,599140,Graveyard Keeper,life,1,1,0,0,0,0,0,0,0,0,0,0,0,0,0,0,0,0
230433270,599140,Graveyard Keeper,life,1,0,0,0,0,0,0,0,0,0,0,0,0,0,0,0,1,0
230423263,599140,Graveyard Keeper,life,4,0,1,0,0,0,1,0,0,0,0,0,1,0,1,0,0,0
230415905,599140,Graveyard Keeper,life,1,0,0,0,0,0,0,0,0,0,0,0,0,0,0,0,1,0
230400496,599140,Graveyard Keeper,life,1,0,0,0,0,0,1,0,0,0,0,0,0,0,0,0,0,0
230361964,599140,Graveyard Keeper,life,1,0,0,0,0,0,0,0,0,0,0,0,1,0,0,0,0,0
230358612,599140,Graveyard Keeper,life,1,0,0,0,0,0,0,0,0,0,0,0,0,0,0,0,1,0
230350598,599140,Graveyard Keeper,life,1,0,0,0,0,0,0,0,0,0,0,0,1,0,0,0,0,0
230348825,599140,Graveyard Keeper,life,4,0,0,0,1,0,0,0,0,0,1,0,1,0,0,1,0,0
230340924,599140,Graveyard Keeper,life,1,0,0,0,0,0,0,0,0,0,0,0,0,0,0,0,1,0
230274526,599140,Graveyard Keeper,life,5,0,0,0,1,0,0,1,0,1,1,0,1,0,0,0,0,0
230190276,599140,Graveyard Keeper,life,1,0,0,0,0,0,0,0,0,0,0,0,1,0,0,0,0,0
230180122,599140,Graveyard Keeper,life,1,0,0,0,0,0,0,0,0,0,0,0,1,0,0,0,0,0
230092138,599140,Graveyard Keeper,life,1,0,0,0,0,0,0,0,0,0,0,0,0,0,0,0,1,0
230088829,599140,Graveyard Keeper,life,1,0,0,0,0,1,0,0,0,0,0,0,0,0,0,0,0,0
230086840,599140,Graveyard Keeper,life,4,0,0,0,0,0,1,0,0,1,0,0,1,0,1,0,0,0
229985751,599140,Graveyard Keeper,life,4,1,0,0,0,0,1,0,0,0,0,0,1,1,0,0,0,0
229971771,599140,Graveyard Keeper,life,4,0,0,0,0,0,1,0,0,0,1,0,1,0,1,0,0,0
229884502,599140,Graveyard Keeper,life,3,0,0,0,0,1,0,0,0,0,0,0,1,0,1,0,0,0
229834709,599140,Graveyard Keeper,life,2,0,1,0,0,1,0,0,0,0,0,0,0,0,0,0,0,0
229759610,599140,Graveyard Keeper,life,1,0,0,0,0,0,0,0,0,0,0,0,1,0,0,0,0,0
229741772,599140,Graveyard Keeper,life,2,0,0,0,0,0,1,0,0,0,0,0,1,0,0,0,0,0
229672563,599140,Graveyard Keeper,life,1,0,0,0,0,0,0,0,0,0,0,0,0,0,0,0,0,1
229645107,599140,Graveyard Keeper,life,1,0,0,0,0,0,0,0,0,0,0,0,0,0,0,0,0,1
229557289,599140,Graveyard Keeper,life,1,0,0,0,0,0,0,0,0,0,0,0,0,0,0,0,1,0
229510788,599140,Graveyard Keeper,life,3,1,1,0,0,0,0,0,0,0,0,0,0,0,1,0,0,0
229419791,599140,Graveyard Keeper,life,1,0,0,0,0,0,0,0,0,0,0,0,1,0,0,0,0,0
229404874,599140,Graveyard Keeper,life,1,0,1,0,0,0,0,0,0,0,0,0,0,0,0,0,0,0
229396789,599140,Graveyard Keeper,life,1,0,0,0,0,0,0,0,0,0,0,0,1,0,0,0,0,0
229395902,599140,Graveyard Keeper,life,4,0,1,0,1,1,0,0,0,0,1,0,0,0,0,0,0,0
229315419,599140,Graveyard Keeper,life,2,0,0,0,1,0,0,0,0,0,0,0,1,0,0,0,0,0
229256896,599140,Graveyard Keeper,life,1,0,0,0,0,0,0,0,0,0,0,0,0,0,0,0,0,1
229255949,599140,Graveyard Keeper,life,1,0,0,0,0,0,0,0,0,0,0,0,0,0,0,0,0,1
229185121,599140,Graveyard Keeper,life,3,1,0,0,0,1,1,0,0,0,0,0,0,0,0,0,0,0
229017462,599140,Graveyard Keeper,life,2,0,0,0,0,0,0,0,0,0,1,0,1,0,0,0,0,0
229016226,599140,Graveyard Keeper,life,1,0,0,0,0,0,0,0,0,0,0,0,1,0,0,0,0,0
229007487,599140,Graveyard Keeper,life,3,0,0,0,0,1,0,0,0,0,1,0,1,0,0,0,0,0
229002534,599140,Graveyard Keeper,life,3,0,0,0,0,0,1,1,0,0,0,0,1,0,0,0,0,0
228995398,599140,Graveyard Keeper,life,1,0,0,0,0,0,0,0,0,0,0,0,0,0,0,0,0,1
228994873,599140,Graveyard Keeper,life,4,1,0,0,1,1,0,0,0,0,0,0,1,0,0,0,0,0
228963047,599140,Graveyard Keeper,life,1,0,0,0,0,0,0,0,0,0,1,0,0,0,0,0,0,0
228947330,599140,Graveyard Keeper,life,1,0,0,0,0,0,1,0,0,0,0,0,0,0,0,0,0,0
228942522,599140,Graveyard Keeper,life,3,0,1,0,0,0,0,1,0,0,0,0,1,0,0,0,0,0
228909728,599140,Graveyard Keeper,life,4,1,0,0,0,1,1,1,0,0,0,0,0,0,0,0,0,0
228860091,599140,Graveyard Keeper,life,1,0,0,0,0,0,0,0,0,0,0,0,0,0,0,0,0,1
228852286,599140,Graveyard Keeper,life,5,0,0,1,1,1,1,0,0,0,0,0,1,0,0,0,0,0
228816404,599140,Graveyard Keeper,life,2,1,0,0,0,0,0,1,0,0,0,0,0,0,0,0,0,0
228804890,599140,Graveyard Keeper,life,2,1,0,0,0,1,0,0,0,0,0,0,0,0,0,0,0,0
228789724,599140,Graveyard Keeper,life,1,0,0,0,0,0,0,0,0,0,0,0,0,0,0,0,0,1
228785080,599140,Graveyard Keeper,life,2,0,0,0,0,0,1,0,0,0,0,0,0,0,1,0,0,0
228767926,599140,Graveyard Keeper,life,3,0,0,1,0,0,1,0,0,0,0,0,1,0,0,0,0,0
228729882,599140,Graveyard Keeper,life,1,0,0,0,0,0,0,0,0,0,0,0,0,0,0,0,0,1
228707024,599140,Graveyard Keeper,life,1,0,0,0,0,0,0,0,0,0,0,0,0,0,0,0,0,1
228641965,599140,Graveyard Keeper,life,1,0,0,0,0,0,0,0,0,0,0,0,1,0,0,0,0,0
228629304,599140,Graveyard Keeper,life,3,0,1,0,1,0,0,0,0,0,0,0,1,0,0,0,0,0
228623233,599140,Graveyard Keeper,life,1,0,1,0,0,0,0,0,0,0,0,0,0,0,0,0,0,0
228615769,599140,Graveyard Keeper,life,1,0,0,0,0,0,0,0,0,0,0,0,0,1,0,0,0,0
228597043,599140,Graveyard Keeper,life,4,1,0,0,0,0,1,0,0,0,0,0,1,1,0,0,0,0
228589242,599140,Graveyard Keeper,life,1,0,0,0,0,0,0,0,0,0,0,0,0,0,0,0,0,1
228578225,599140,Graveyard Keeper,life,2,1,0,0,0,0,1,0,0,0,0,0,0,0,0,0,0,0
228571870,599140,Graveyard Keeper,life,1,0,0,0,0,0,1,0,0,0,0,0,0,0,0,0,0,0
228492524,599140,Graveyard Keeper,life,3,1,1,0,0,0,0,0,0,0,0,0,1,0,0,0,0,0
228470370,599140,Graveyard Keeper,life,3,0,0,0,1,1,0,0,0,0,0,0,1,0,0,0,0,0
228464042,599140,Graveyard Keeper,life,2,0,0,0,1,0,0,0,0,0,0,0,1,0,0,0,0,0
228427911,599140,Graveyard Keeper,life,1,0,0,0,0,0,1,0,0,0,0,0,0,0,0,0,0,0
228347593,599140,Graveyard Keeper,life,1,0,0,0,0,0,0,0,0,0,0,0,0,0,0,0,1,0
228345396,599140,Graveyard Keeper,life,1,0,0,0,0,0,1,0,0,0,0,0,0,0,0,0,0,0
228341453,599140,Graveyard Keeper,life,1,0,0,0,0,0,0,0,0,1,0,0,0,0,0,0,0,0
228339635,599140,Graveyard Keeper,life,1,0,0,0,0,0,0,0,0,0,0,0,1,0,0,0,0,0
228305629,599140,Graveyard Keeper,life,3,0,0,0,0,1,0,0,0,0,1,0,1,0,0,0,0,0
228263221,599140,Graveyard Keeper,life,5,1,1,0,1,1,1,0,0,0,0,0,0,0,0,0,0,0
228245517,599140,Graveyard Keeper,life,1,0,0,0,0,0,0,0,0,0,0,0,0,0,0,0,1,0
228224433,599140,Graveyard Keeper,life,1,0,0,0,0,0,0,0,0,0,0,0,0,0,0,0,0,1
228210596,599140,Graveyard Keeper,life,2,0,0,0,0,0,1,0,0,0,0,0,1,0,0,0,0,0
228160344,599140,Graveyard Keeper,life,1,0,0,0,0,0,0,0,0,0,0,0,0,0,0,0,1,0
228139459,599140,Graveyard Keeper,life,4,1,0,0,0,1,0,0,0,1,0,0,0,1,0,0,0,0
228011467,599140,Graveyard Keeper,life,6,0,0,0,1,0,0,1,0,0,1,1,1,0,1,0,0,0
227961767,599140,Graveyard Keeper,life,1,0,0,0,1,0,0,0,0,0,0,0,0,0,0,0,0,0
227957990,599140,Graveyard Keeper,life,2,0,0,0,1,0,0,0,0,0,0,0,1,0,0,0,0,0
227943500,599140,Graveyard Keeper,life,2,0,0,0,0,0,1,0,0,0,0,0,1,0,0,0,0,0
227942704,599140,Graveyard Keeper,life,1,1,0,0,0,0,0,0,0,0,0,0,0,0,0,0,0,0
227908051,599140,Graveyard Keeper,life,1,0,0,0,0,0,0,0,0,0,0,0,0,0,0,0,0,1
227886788,599140,Graveyard Keeper,life,1,0,0,0,0,0,1,0,0,0,0,0,0,0,0,0,0,0
227847498,599140,Graveyard Keeper,life,2,0,1,0,0,1,0,0,0,0,0,0,0,0,0,0,0,0
227841751,599140,Graveyard Keeper,life,1,0,0,0,0,0,0,0,0,0,0,0,0,0,0,0,0,1
227830157,599140,Graveyard Keeper,life,4,0,0,0,1,1,0,0,0,0,1,0,1,0,0,0,0,0
227827258,599140,Graveyard Keeper,life,3,0,1,0,1,0,0,0,0,0,0,0,1,0,0,0,0,0
227767384,599140,Graveyard Keeper,life,1,0,0,0,0,0,0,0,0,0,0,0,0,0,0,0,0,1
227747752,599140,Graveyard Keeper,life,3,1,1,0,0,0,1,0,0,0,0,0,0,0,0,0,0,0
227711963,599140,Graveyard Keeper,life,1,0,0,0,0,0,1,0,0,0,0,0,0,0,0,0,0,0
227703749,599140,Graveyard Keeper,life,1,0,1,0,0,0,0,0,0,0,0,0,0,0,0,0,0,0
227688796,599140,Graveyard Keeper,life,2,0,1,0,0,1,0,0,0,0,0,0,0,0,0,0,0,0
227591126,599140,Graveyard Keeper,life,1,0,0,0,0,0,0,0,0,0,0,0,1,0,0,0,0,0
227535685,599140,Graveyard Keeper,life,1,0,0,0,0,0,0,0,0,0,0,0,0,0,0,0,0,1
227517735,599140,Graveyard Keeper,life,2,0,0,0,1,0,1,0,0,0,0,0,0,0,0,0,0,0
227517273,599140,Graveyard Keeper,life,1,0,0,0,0,0,0,0,0,0,0,0,0,0,0,0,0,1
227498593,599140,Graveyard Keeper,life,1,0,0,0,0,0,0,0,0,0,0,0,0,0,0,0,0,1
227496515,599140,Graveyard Keeper,life,3,0,0,0,1,1,0,0,0,0,0,0,1,0,0,0,0,0
227450642,599140,Graveyard Keeper,life,6,0,1,1,1,0,0,0,1,0,0,0,1,0,1,0,0,0
227431636,599140,Graveyard Keeper,life,3,0,0,0,0,0,0,0,0,0,1,1,1,0,0,0,0,0
227414983,599140,Graveyard Keeper,life,2,0,0,0,0,0,0,0,0,0,0,0,1,0,1,0,0,0
227390934,599140,Graveyard Keeper,life,2,0,0,0,0,1,0,0,0,0,0,0,1,0,0,0,0,0
227390072,599140,Graveyard Keeper,life,1,0,0,0,0,0,0,0,0,0,0,0,0,0,0,0,0,1
227363838,599140,Graveyard Keeper,life,1,0,0,0,0,0,0,0,0,0,1,0,0,0,0,0,0,0
227361775,599140,Graveyard Keeper,life,2,0,0,0,0,1,0,0,0,0,0,0,0,0,1,0,0,0
227327937,599140,Graveyard Keeper,life,3,0,0,1,0,0,0,0,0,0,1,0,1,0,0,0,0,0
227318887,599140,Graveyard Keeper,life,3,0,0,0,0,1,0,0,0,1,0,0,1,0,0,0,0,0
227256337,599140,Graveyard Keeper,life,1,0,0,0,0,0,0,1,0,0,0,0,0,0,0,0,0,0
227206732,599140,Graveyard Keeper,life,4,0,0,0,0,1,0,0,0,0,1,0,1,0,1,0,0,0
227169617,599140,Graveyard Keeper,life,1,0,0,0,0,0,0,1,0,0,0,0,0,0,0,0,0,0
227154074,599140,Graveyard Keeper,life,1,0,0,0,0,0,0,0,0,0,0,0,0,0,0,0,0,1
227116808,599140,Graveyard Keeper,life,1,0,0,0,0,0,0,1,0,0,0,0,0,0,0,0,0,0
227110669,599140,Graveyard Keeper,life,1,0,0,0,0,0,0,0,0,0,0,0,0,0,0,0,0,1
227095862,599140,Graveyard Keeper,life,3,1,0,0,0,0,1,0,0,0,0,0,1,0,0,0,0,0
227089001,599140,Graveyard Keeper,life,1,0,0,0,0,0,0,0,0,0,1,0,0,0,0,0,0,0
227050321,599140,Graveyard Keeper,life,2,1,1,0,0,0,0,0,0,0,0,0,0,0,0,0,0,0
227026222,599140,Graveyard Keeper,life,2,0,0,0,0,0,0,0,0,0,1,0,1,0,0,0,0,0
227017524,599140,Graveyard Keeper,life,2,0,0,0,0,0,1,0,0,0,0,0,1,0,0,0,0,0
227003344,599140,Graveyard Keeper,life,1,0,0,0,0,0,0,0,0,0,0,0,1,0,0,0,0,0
226992843,599140,Graveyard Keeper,life,2,0,0,0,0,1,0,0,0,0,0,0,1,0,0,0,0,0
226984372,599140,Graveyard Keeper,life,1,0,0,0,0,0,0,0,0,0,0,0,0,0,0,0,0,1
226981266,599140,Graveyard Keeper,life,1,0,0,0,0,0,0,0,0,0,0,0,0,0,0,0,1,0
226962699,599140,Graveyard Keeper,life,1,0,0,0,0,0,0,0,0,0,0,0,0,0,0,0,0,1
226945702,599140,Graveyard Keeper,life,3,1,0,0,1,0,0,0,0,0,0,0,1,0,0,0,0,0
226940706,599140,Graveyard Keeper,life,2,0,0,0,0,0,0,0,0,0,1,0,1,0,0,0,0,0
226938527,599140,Graveyard Keeper,life,1,0,0,0,0,0,0,0,0,0,0,0,0,0,0,0,1,0
226937199,599140,Graveyard Keeper,life,1,0,0,0,0,0,0,0,0,0,0,0,0,0,0,0,0,1
226930053,599140,Graveyard Keeper,life,2,0,1,0,0,0,0,0,0,0,0,0,0,0,1,0,0,0
226919558,599140,Graveyard Keeper,life,2,0,0,0,0,0,1,0,0,0,0,0,1,0,0,0,0,0
226918564,599140,Graveyard Keeper,life,1,0,0,0,0,0,0,0,0,0,0,0,1,0,0,0,0,0
226916837,599140,Graveyard Keeper,life,2,1,0,0,0,0,0,1,0,0,0,0,0,0,0,0,0,0
226915471,599140,Graveyard Keeper,life,6,0,0,0,1,1,1,0,0,0,0,0,1,1,1,0,0,0
226891750,599140,Graveyard Keeper,life,1,0,0,0,0,0,0,0,0,0,1,0,0,0,0,0,0,0
226890838,599140,Graveyard Keeper,life,1,0,0,0,0,0,1,0,0,0,0,0,0,0,0,0,0,0
226855086,599140,Graveyard Keeper,life,1,0,0,0,0,0,0,0,0,0,0,0,0,0,0,0,0,1
226753272,599140,Graveyard Keeper,life,8,1,1,0,0,1,0,1,0,0,1,0,1,1,1,0,0,0
226709050,599140,Graveyard Keeper,life,1,0,0,0,0,0,0,0,0,0,0,0,0,0,0,0,0,1
226687813,599140,Graveyard Keeper,life,8,1,1,1,1,1,1,0,0,0,1,0,0,1,0,0,0,0
226677838,599140,Graveyard Keeper,life,3,0,0,0,0,0,1,0,0,0,0,0,1,1,0,0,0,0
226663935,599140,Graveyard Keeper,life,2,1,0,0,0,0,0,1,0,0,0,0,0,0,0,0,0,0
226656582,599140,Graveyard Keeper,life,1,0,0,0,0,0,0,1,0,0,0,0,0,0,0,0,0,0
226647811,599140,Graveyard Keeper,life,3,0,0,0,1,1,0,0,0,1,0,0,0,0,0,0,0,0
226619032,599140,Graveyard Keeper,life,1,0,0,0,0,0,0,0,0,0,0,0,0,0,0,0,0,1
226564835,599140,Graveyard Keeper,life,2,0,0,0,0,0,0,0,0,0,0,1,1,0,0,0,0,0
226542631,599140,Graveyard Keeper,life,2,0,0,0,0,0,0,1,0,0,0,0,1,0,0,0,0,0
226484402,599140,Graveyard Keeper,life,1,0,0,0,0,0,1,0,0,0,0,0,0,0,0,0,0,0
226393155,599140,Graveyard Keeper,life,3,0,0,0,0,1,1,0,0,0,0,0,1,0,0,0,0,0
226382430,599140,Graveyard Keeper,life,4,0,0,0,1,0,1,0,0,1,0,0,1,0,0,0,0,0
226375933,599140,Graveyard Keeper,life,3,1,0,0,1,0,0,0,0,0,0,0,0,1,0,0,0,0
226307577,599140,Graveyard Keeper,life,1,0,0,0,0,0,0,0,0,0,0,0,0,0,0,0,0,1
226253029,599140,Graveyard Keeper,life,1,0,0,0,0,0,0,0,0,0,0,0,1,0,0,0,0,0
226246150,599140,Graveyard Keeper,life,2,0,0,0,0,0,1,0,0,0,0,0,1,0,0,0,0,0
226242773,599140,Graveyard Keeper,life,7,1,0,1,1,1,1,0,0,0,0,0,1,1,0,0,0,0
226210822,599140,Graveyard Keeper,life,1,0,0,0,0,0,0,0,0,0,0,0,0,0,0,0,0,1
226136636,599140,Graveyard Keeper,life,1,0,0,0,0,0,0,0,0,0,0,0,0,0,0,0,0,1
226115649,599140,Graveyard Keeper,life,1,0,0,0,0,0,0,0,0,0,0,0,0,0,0,0,0,1
226065725,599140,Graveyard Keeper,life,1,0,0,0,0,0,0,0,0,0,0,0,0,0,0,0,1,0
226057106,599140,Graveyard Keeper,life,2,1,0,0,0,0,1,0,0,0,0,0,0,0,0,0,0,0
226023827,599140,Graveyard Keeper,life,3,1,0,0,0,0,1,0,0,0,0,0,0,1,0,0,0,0
226020597,599140,Graveyard Keeper,life,1,0,0,0,0,0,0,0,0,0,1,0,0,0,0,0,0,0
226016224,599140,Graveyard Keeper,life,1,0,0,0,0,0,0,0,0,0,0,0,0,0,0,0,0,1
225968598,599140,Graveyard Keeper,life,3,0,0,0,1,1,0,0,0,0,0,0,1,0,0,0,0,0
225965574,599140,Graveyard Keeper,life,4,0,0,0,1,0,1,0,0,0,1,0,1,0,0,0,0,0
225873880,599140,Graveyard Keeper,life,2,0,0,0,1,0,0,0,0,0,0,0,1,0,0,0,0,0
225853198,599140,Graveyard Keeper,life,2,0,0,0,0,1,0,0,0,0,0,0,0,0,1,0,0,0
225845504,599140,Graveyard Keeper,life,5,0,0,0,1,1,1,1,0,0,0,0,1,0,0,0,0,0
225784907,599140,Graveyard Keeper,life,3,0,0,0,0,0,1,0,0,0,1,0,1,0,0,0,0,0
225784024,599140,Graveyard Keeper,life,2,0,0,0,1,0,0,0,0,0,1,0,0,0,0,0,0,0
225781614,599140,Graveyard Keeper,life,7,1,0,0,1,1,1,1,0,1,0,0,1,0,0,0,0,0
225779557,599140,Graveyard Keeper,life,1,0,0,0,0,0,0,0,0,0,0,0,0,0,0,0,0,1
225766604,599140,Graveyard Keeper,life,1,0,0,0,0,0,0,0,0,0,0,0,0,0,0,0,1,0
225733383,599140,Graveyard Keeper,life,3,0,0,0,0,1,1,0,0,0,0,0,1,0,0,0,0,0
225719709,599140,Graveyard Keeper,life,1,1,0,0,0,0,0,0,0,0,0,0,0,0,0,0,0,0
225707418,599140,Graveyard Keeper,life,1,0,0,0,0,0,1,0,0,0,0,0,0,0,0,0,0,0
225690133,599140,Graveyard Keeper,life,1,0,1,0,0,0,0,0,0,0,0,0,0,0,0,0,0,0
225685135,599140,Graveyard Keeper,life,1,0,0,0,0,0,0,0,0,0,0,0,0,0,0,0,0,1
225656268,599140,Graveyard Keeper,life,2,0,0,0,0,0,1,0,0,0,0,0,1,0,0,0,0,0
225629693,599140,Graveyard Keeper,life,1,0,0,0,0,0,0,0,0,0,0,0,1,0,0,0,0,0
225618640,599140,Graveyard Keeper,life,1,0,0,0,0,0,0,0,0,0,0,0,0,0,0,0,0,1
225613632,599140,Graveyard Keeper,life,1,0,0,0,0,0,0,0,0,0,0,0,1,0,0,0,0,0
225524011,599140,Graveyard Keeper,life,1,0,0,0,0,0,0,1,0,0,0,0,0,0,0,0,0,0
225523510,599140,Graveyard Keeper,life,1,0,0,0,0,0,0,0,0,0,0,0,0,0,0,0,1,0
225516129,599140,Graveyard Keeper,life,2,0,0,1,0,1,0,0,0,0,0,0,0,0,0,0,0,0
225514544,599140,Graveyard Keeper,life,1,0,0,0,0,1,0,0,0,0,0,0,0,0,0,0,0,0
225490756,599140,Graveyard Keeper,life,1,0,0,0,0,0,0,0,0,0,0,0,0,0,0,0,0,1
225465850,599140,Graveyard Keeper,life,1,0,0,0,0,0,0,0,0,0,0,0,1,0,0,0,0,0
225465177,599140,Graveyard Keeper,life,1,0,0,0,0,1,0,0,0,0,0,0,0,0,0,0,0,0
225430243,599140,Graveyard Keeper,life,4,0,0,0,0,1,0,0,0,0,1,0,1,1,0,0,0,0
225428634,599140,Graveyard Keeper,life,3,0,0,0,0,0,0,0,0,1,0,0,1,1,0,0,0,0
225404452,599140,Graveyard Keeper,life,1,0,0,0,0,0,0,0,0,0,0,0,0,0,0,0,0,1
225383972,599140,Graveyard Keeper,life,1,0,0,0,0,0,0,0,0,0,0,0,0,0,0,0,0,1
225341743,599140,Graveyard Keeper,life,3,0,0,0,0,1,1,0,0,0,0,0,1,0,0,0,0,0
225277100,599140,Graveyard Keeper,life,2,0,0,0,1,0,0,0,0,0,0,0,1,0,0,0,0,0
225266644,599140,Graveyard Keeper,life,2,0,0,0,0,0,0,0,0,0,1,0,1,0,0,0,0,0
225264953,599140,Graveyard Keeper,life,1,0,0,0,0,0,0,0,0,0,0,0,0,0,0,0,0,1
225243793,599140,Graveyard Keeper,life,2,0,0,0,0,1,0,0,0,0,0,0,1,0,0,0,0,0
225242177,599140,Graveyard Keeper,life,1,1,0,0,0,0,0,0,0,0,0,0,0,0,0,0,0,0
225236090,599140,Graveyard Keeper,life,5,1,1,0,1,0,0,0,0,0,0,0,1,0,1,0,0,0
225227855,599140,Graveyard Keeper,life,1,0,0,0,0,0,0,0,0,0,0,0,1,0,0,0,0,0
225211553,599140,Graveyard Keeper,life,2,0,0,0,0,0,0,0,0,0,1,0,1,0,0,0,0,0
225186036,599140,Graveyard Keeper,life,1,0,0,0,0,0,0,0,0,0,0,0,0,0,0,0,0,1
225161173,599140,Graveyard Keeper,life,4,0,0,0,1,0,0,0,0,1,0,0,1,1,0,0,0,0
225159231,599140,Graveyard Keeper,life,3,0,0,0,1,0,0,0,0,0,1,0,1,0,0,0,0,0
225143130,599140,Graveyard Keeper,life,4,1,0,0,0,1,0,1,0,1,0,0,0,0,0,0,0,0
225140430,599140,Graveyard Keeper,life,5,0,0,0,1,1,1,0,0,0,0,0,1,1,0,0,0,0
225125604,599140,Graveyard Keeper,life,1,1,0,0,0,0,0,0,0,0,0,0,0,0,0,0,0,0
225115810,599140,Graveyard Keeper,life,4,0,0,0,1,0,1,1,0,0,0,0,1,0,0,0,0,0
225110659,599140,Graveyard Keeper,life,2,0,0,0,0,0,1,0,0,0,0,0,1,0,0,0,0,0
225075067,599140,Graveyard Keeper,life,3,1,0,0,0,1,0,0,0,0,0,0,1,0,0,0,0,0
225071518,599140,Graveyard Keeper,life,1,0,0,0,0,0,0,0,0,0,0,0,0,0,0,0,1,0
225057124,599140,Graveyard Keeper,life,2,0,0,0,0,0,1,0,0,0,0,0,1,0,0,0,0,0
225055795,599140,Graveyard Keeper,life,7,0,1,0,1,1,1,0,0,1,1,0,1,0,0,0,0,0
225051580,599140,Graveyard Keeper,life,1,0,0,0,0,0,0,0,0,0,0,0,1,0,0,0,0,0
225050179,599140,Graveyard Keeper,life,1,0,0,0,0,0,1,0,0,0,0,0,0,0,0,0,0,0
225046124,599140,Graveyard Keeper,life,1,0,0,0,1,0,0,0,0,0,0,0,0,0,0,0,0,0
225028351,599140,Graveyard Keeper,life,2,0,0,0,0,1,0,0,0,0,1,0,0,0,0,0,0,0
225016204,599140,Graveyard Keeper,life,1,0,0,0,0,0,0,0,0,0,1,0,0,0,0,0,0,0
225015156,599140,Graveyard Keeper,life,1,0,0,0,0,0,0,0,0,0,1,0,0,0,0,0,0,0
224997380,599140,Graveyard Keeper,life,1,0,0,0,0,0,0,0,0,0,0,0,1,0,0,0,0,0
224990185,599140,Graveyard Keeper,life,3,0,0,0,0,0,1,0,0,0,1,0,1,0,0,0,0,0
224983018,599140,Graveyard Keeper,life,1,0,0,0,0,0,0,0,0,0,1,0,0,0,0,0,0,0
224948066,599140,Graveyard Keeper,life,1,0,0,0,0,0,0,0,0,0,1,0,0,0,0,0,0,0
224933232,599140,Graveyard Keeper,life,1,0,0,0,0,0,0,0,0,0,0,0,0,0,0,0,0,1
224926941,599140,Graveyard Keeper,life,3,1,0,0,1,0,0,0,0,0,0,0,1,0,0,0,0,0
224926521,599140,Graveyard Keeper,life,1,0,0,0,0,0,0,0,0,0,0,0,0,0,0,0,0,1
224918798,599140,Graveyard Keeper,life,1,0,0,0,0,0,0,0,0,0,0,0,1,0,0,0,0,0
224913472,599140,Graveyard Keeper,life,4,0,1,0,1,0,1,0,0,0,0,0,0,0,1,0,0,0
224899601,599140,Graveyard Keeper,life,1,0,0,0,0,0,0,0,0,0,0,1,0,0,0,0,0,0
224890082,599140,Graveyard Keeper,life,3,0,0,0,1,1,1,0,0,0,0,0,0,0,0,0,0,0
224888466,599140,Graveyard Keeper,life,1,0,0,0,0,0,0,0,0,0,0,0,1,0,0,0,0,0
224885014,599140,Graveyard Keeper,life,2,0,0,0,0,0,0,0,0,0,0,1,1,0,0,0,0,0
224871989,599140,Graveyard Keeper,life,1,0,0,0,0,0,0,0,0,0,0,0,1,0,0,0,0,0
224859897,599140,Graveyard Keeper,life,2,0,0,0,0,1,1,0,0,0,0,0,0,0,0,0,0,0
224857811,599140,Graveyard Keeper,life,2,1,0,0,0,1,0,0,0,0,0,0,0,0,0,0,0,0
224844963,599140,Graveyard Keeper,life,1,0,0,0,0,0,0,0,0,0,0,0,1,0,0,0,0,0
224841138,599140,Graveyard Keeper,life,1,0,0,0,0,0,0,0,0,0,1,0,0,0,0,0,0,0
224817694,599140,Graveyard Keeper,life,1,1,0,0,0,0,0,0,0,0,0,0,0,0,0,0,0,0
224816410,599140,Graveyard Keeper,life,2,0,0,0,0,0,0,0,0,0,1,0,1,0,0,0,0,0
224808267,599140,Graveyard Keeper,life,3,0,1,0,0,0,0,0,0,1,0,0,1,0,0,0,0,0
224791369,599140,Graveyard Keeper,life,4,1,1,0,0,1,1,0,0,0,0,0,0,0,0,0,0,0
224789545,599140,Graveyard Keeper,life,2,0,1,0,0,1,0,0,0,0,0,0,0,0,0,0,0,0
224780226,599140,Graveyard Keeper,life,2,0,0,0,0,0,1,0,0,0,0,0,1,0,0,0,0,0
224754594,599140,Graveyard Keeper,life,4,1,1,0,0,0,1,0,0,0,0,0,0,0,1,0,0,0
224743668,599140,Graveyard Keeper,life,2,0,0,0,0,0,1,0,0,0,0,0,1,0,0,0,0,0
224735936,599140,Graveyard Keeper,life,1,0,0,0,0,0,0,0,0,0,0,0,0,0,0,0,0,1
224732749,599140,Graveyard Keeper,life,1,0,0,0,0,1,0,0,0,0,0,0,0,0,0,0,0,0
224721543,599140,Graveyard Keeper,life,1,1,0,0,0,0,0,0,0,0,0,0,0,0,0,0,0,0
224685285,599140,Graveyard Keeper,life,3,1,0,0,1,0,0,0,0,0,0,0,1,0,0,0,0,0
224678612,599140,Graveyard Keeper,life,7,0,1,1,1,1,1,0,0,1,0,0,1,0,0,0,0,0
224654769,599140,Graveyard Keeper,life,2,0,0,0,1,0,0,0,0,0,0,0,1,0,0,0,0,0
224646627,599140,Graveyard Keeper,life,2,0,0,0,0,0,1,0,0,0,0,0,1,0,0,0,0,0
224645168,599140,Graveyard Keeper,life,2,0,0,0,0,0,1,0,0,0,0,0,1,0,0,0,0,0
224638089,599140,Graveyard Keeper,life,1,0,0,0,0,0,0,0,0,0,0,0,1,0,0,0,0,0
224616964,599140,Graveyard Keeper,life,4,0,0,0,0,1,1,0,0,1,0,0,1,0,0,0,0,0
224616792,599140,Graveyard Keeper,life,4,0,0,0,0,1,1,0,0,1,0,0,1,0,0,0,0,0
224609546,599140,Graveyard Keeper,life,1,0,0,0,0,0,0,0,0,0,0,0,1,0,0,0,0,0
224603734,599140,Graveyard Keeper,life,2,0,0,0,0,0,1,0,0,0,0,0,1,0,0,0,0,0
224561730,599140,Graveyard Keeper,life,2,0,0,0,0,0,0,0,0,0,1,0,1,0,0,0,0,0
224538342,599140,Graveyard Keeper,life,1,0,0,0,0,1,0,0,0,0,0,0,0,0,0,0,0,0
224520111,599140,Graveyard Keeper,life,3,0,0,0,0,1,1,0,0,0,0,0,1,0,0,0,0,0
224502404,599140,Graveyard Keeper,life,1,0,0,0,0,0,0,0,0,0,0,0,0,0,0,0,0,1
224496814,599140,Graveyard Keeper,life,1,0,0,0,0,0,0,0,0,0,0,0,0,1,0,0,0,0
224491638,599140,Graveyard Keeper,life,1,0,0,0,0,0,1,0,0,0,0,0,0,0,0,0,0,0
231591571,972660,Spiritfarer®: Farewell Edition,life,2,0,1,0,0,0,0,0,0,0,1,0,0,0,0,0,0,0
231255893,972660,Spiritfarer®: Farewell Edition,life,1,0,0,0,0,0,0,0,0,0,0,0,0,0,0,0,0,1
231196896,972660,Spiritfarer®: Farewell Edition,life,2,0,0,1,0,0,0,0,0,0,0,0,1,0,0,0,0,0
230884412,972660,Spiritfarer®: Farewell Edition,life,3,0,1,0,0,0,0,0,0,0,0,0,1,0,1,0,0,0
230407828,972660,Spiritfarer®: Farewell Edition,life,3,0,1,0,0,0,1,0,0,0,0,0,1,0,0,0,0,0
229616479,972660,Spiritfarer®: Farewell Edition,life,2,0,0,0,0,0,0,0,0,0,1,0,1,0,0,0,0,0
229454749,972660,Spiritfarer®: Farewell Edition,life,3,0,1,0,0,1,0,0,0,0,0,0,1,0,0,0,0,0
229407782,972660,Spiritfarer®: Farewell Edition,life,3,0,1,0,0,0,0,0,0,0,0,0,1,0,1,0,0,0
229167734,972660,Spiritfarer®: Farewell Edition,life,1,0,0,0,0,0,0,0,0,0,0,0,1,0,0,0,0,0
228129695,972660,Spiritfarer®: Farewell Edition,life,1,0,0,0,0,0,0,0,0,0,0,0,0,0,0,1,0,0
227939405,972660,Spiritfarer®: Farewell Edition,life,1,0,0,0,0,0,0,0,0,0,0,0,0,0,0,0,1,0
227245086,972660,Spiritfarer®: Farewell Edition,life,2,0,0,0,0,1,0,0,0,0,0,0,1,0,0,0,0,0
226918026,972660,Spiritfarer®: Farewell Edition,life,1,0,0,0,0,0,0,0,0,0,0,0,0,0,0,0,0,1
226691402,972660,Spiritfarer®: Farewell Edition,life,1,0,0,0,0,0,0,0,0,0,0,0,0,0,0,0,0,1
226665812,972660,Spiritfarer®: Farewell Edition,life,2,0,0,0,0,0,0,0,0,0,1,0,1,0,0,0,0,0
226663816,972660,Spiritfarer®: Farewell Edition,life,1,0,0,0,0,0,0,0,0,0,0,0,0,0,0,0,0,1
226452505,972660,Spiritfarer®: Farewell Edition,life,1,0,0,0,0,0,0,0,0,0,0,0,0,0,0,0,1,0
226378555,972660,Spiritfarer®: Farewell Edition,life,2,0,0,0,0,0,0,0,0,0,1,0,1,0,0,0,0,0
226123311,972660,Spiritfarer®: Farewell Edition,life,1,0,0,0,0,0,0,0,0,0,0,0,0,0,0,0,1,0
226096017,972660,Spiritfarer®: Farewell Edition,life,1,0,0,0,0,0,0,0,0,0,1,0,0,0,0,0,0,0
225830641,972660,Spiritfarer®: Farewell Edition,life,1,0,0,0,0,1,0,0,0,0,0,0,0,0,0,0,0,0
225774752,972660,Spiritfarer®: Farewell Edition,life,1,0,0,0,0,0,0,0,0,0,0,0,0,0,0,0,0,1
225344795,972660,Spiritfarer®: Farewell Edition,life,1,0,0,0,0,0,0,0,0,0,0,0,1,0,0,0,0,0
224886471,972660,Spiritfarer®: Farewell Edition,life,4,1,0,0,0,0,1,0,0,0,1,0,0,1,0,0,0,0
224827854,972660,Spiritfarer®: Farewell Edition,life,2,0,0,0,0,0,0,0,0,0,1,0,1,0,0,0,0,0
224691060,972660,Spiritfarer®: Farewell Edition,life,1,0,0,0,0,0,0,0,0,0,0,0,0,0,0,0,0,1
224526273,972660,Spiritfarer®: Farewell Edition,life,3,0,0,0,0,0,0,0,0,0,1,0,1,1,0,0,0,0
224421130,972660,Spiritfarer®: Farewell Edition,life,1,0,0,0,0,0,0,0,0,0,0,0,1,0,0,0,0,0
223583506,972660,Spiritfarer®: Farewell Edition,life,2,0,0,0,0,0,0,0,0,1,0,0,1,0,0,0,0,0
223455026,972660,Spiritfarer®: Farewell Edition,life,1,0,0,0,0,0,0,0,0,0,0,0,0,0,0,0,0,1
222932171,972660,Spiritfarer®: Farewell Edition,life,1,0,0,0,0,0,0,0,0,0,1,0,0,0,0,0,0,0
222428679,972660,Spiritfarer®: Farewell Edition,life,1,0,0,0,0,0,0,0,0,0,0,0,0,0,0,0,1,0
222417430,972660,Spiritfarer®: Farewell Edition,life,1,0,1,0,0,0,0,0,0,0,0,0,0,0,0,0,0,0
222360569,972660,Spiritfarer®: Farewell Edition,life,1,0,0,0,0,0,0,0,0,0,0,0,0,0,0,0,1,0
222344370,972660,Spiritfarer®: Farewell Edition,life,1,0,0,0,0,1,0,0,0,0,0,0,0,0,0,0,0,0
222208545,972660,Spiritfarer®: Farewell Edition,life,1,0,0,0,0,0,0,0,0,0,0,0,1,0,0,0,0,0
221981938,972660,Spiritfarer®: Farewell Edition,life,1,0,0,0,0,0,0,0,0,0,0,0,0,1,0,0,0,0
221889735,972660,Spiritfarer®: Farewell Edition,life,4,0,0,0,0,1,0,0,0,1,1,0,1,0,0,0,0,0
221408632,972660,Spiritfarer®: Farewell Edition,life,1,0,0,0,0,0,0,0,0,0,0,0,1,0,0,0,0,0
221187304,972660,Spiritfarer®: Farewell Edition,life,1,0,0,0,0,0,0,0,0,0,0,0,1,0,0,0,0,0
221108310,972660,Spiritfarer®: Farewell Edition,life,1,0,0,0,0,0,0,0,0,0,0,0,0,0,0,0,0,1
221044747,972660,Spiritfarer®: Farewell Edition,life,1,0,0,0,0,0,0,0,0,0,0,0,1,0,0,0,0,0
219406098,972660,Spiritfarer®: Farewell Edition,life,1,0,0,0,0,0,0,0,0,0,0,0,1,0,0,0,0,0
219385316,972660,Spiritfarer®: Farewell Edition,life,1,0,0,0,0,0,0,0,0,0,0,0,1,0,0,0,0,0
218912844,972660,Spiritfarer®: Farewell Edition,life,1,0,0,0,0,0,0,0,0,0,0,0,1,0,0,0,0,0
218768634,972660,Spiritfarer®: Farewell Edition,life,2,0,0,0,0,0,0,0,0,0,1,0,1,0,0,0,0,0
218628737,972660,Spiritfarer®: Farewell Edition,life,1,0,0,0,0,0,0,0,0,0,0,0,0,0,0,0,1,0
217912784,972660,Spiritfarer®: Farewell Edition,life,1,0,0,0,0,0,0,0,0,0,0,0,0,0,0,0,1,0
217831949,972660,Spiritfarer®: Farewell Edition,life,1,0,0,0,0,0,0,0,0,0,0,0,0,0,0,0,0,1
217730318,972660,Spiritfarer®: Farewell Edition,life,1,0,0,0,0,0,0,0,0,0,0,0,0,0,0,0,0,1
217625191,972660,Spiritfarer®: Farewell Edition,life,1,0,0,0,0,0,0,0,0,0,0,1,0,0,0,0,0,0
217615193,972660,Spiritfarer®: Farewell Edition,life,1,0,0,0,0,0,0,0,0,0,0,0,0,0,0,0,0,1
217609329,972660,Spiritfarer®: Farewell Edition,life,1,0,0,0,0,0,0,0,0,0,0,0,0,0,0,0,0,1
217490195,972660,Spiritfarer®: Farewell Edition,life,1,0,0,0,0,0,0,0,0,0,0,0,1,0,0,0,0,0
217218770,972660,Spiritfarer®: Farewell Edition,life,1,0,0,0,0,0,0,0,0,0,0,0,1,0,0,0,0,0
217165850,972660,Spiritfarer®: Farewell Edition,life,1,0,0,0,0,0,0,0,0,0,0,0,1,0,0,0,0,0
216558754,972660,Spiritfarer®: Farewell Edition,life,1,0,0,0,0,0,0,0,0,0,1,0,0,0,0,0,0,0
216065723,972660,Spiritfarer®: Farewell Edition,life,1,0,0,0,0,0,0,0,0,0,0,0,0,0,0,0,0,1
215997740,972660,Spiritfarer®: Farewell Edition,life,1,1,0,0,0,0,0,0,0,0,0,0,0,0,0,0,0,0
215973650,972660,Spiritfarer®: Farewell Edition,life,1,0,0,0,0,0,0,0,0,0,0,0,1,0,0,0,0,0
215823136,972660,Spiritfarer®: Farewell Edition,life,3,0,0,0,0,0,0,0,0,0,1,0,1,1,0,0,0,0
215816514,972660,Spiritfarer®: Farewell Edition,life,1,0,0,0,0,0,0,0,0,0,0,0,0,0,0,0,1,0
215397007,972660,Spiritfarer®: Farewell Edition,life,2,0,0,0,0,1,0,0,0,0,0,0,1,0,0,0,0,0
215279154,972660,Spiritfarer®: Farewell Edition,life,2,0,0,0,0,0,0,0,0,0,0,1,1,0,0,0,0,0
215033627,972660,Spiritfarer®: Farewell Edition,life,1,0,0,0,0,0,0,0,0,0,0,0,1,0,0,0,0,0
214693859,972660,Spiritfarer®: Farewell Edition,life,1,0,0,0,0,0,0,0,0,0,0,0,0,0,0,0,0,1
214579746,972660,Spiritfarer®: Farewell Edition,life,3,0,0,0,0,0,0,0,0,0,1,1,1,0,0,0,0,0
214353946,972660,Spiritfarer®: Farewell Edition,life,2,0,0,0,0,1,0,0,0,0,0,0,0,1,0,0,0,0
214243602,972660,Spiritfarer®: Farewell Edition,life,2,0,0,0,0,0,0,0,0,0,0,0,1,1,0,0,0,0
213842110,972660,Spiritfarer®: Farewell Edition,life,1,0,0,0,0,0,0,0,1,0,0,0,0,0,0,0,0,0
213807198,972660,Spiritfarer®: Farewell Edition,life,1,0,0,0,0,0,0,0,0,0,0,0,0,0,0,0,0,1
213704802,972660,Spiritfarer®: Farewell Edition,life,1,0,0,0,0,0,0,0,0,0,0,0,0,0,0,0,0,1
213512690,972660,Spiritfarer®: Farewell Edition,life,1,0,0,0,0,1,0,0,0,0,0,0,0,0,0,0,0,0
213477531,972660,Spiritfarer®: Farewell Edition,life,1,0,0,0,0,0,0,0,0,0,0,0,0,0,0,0,0,1
213389586,972660,Spiritfarer®: Farewell Edition,life,1,0,0,0,0,0,0,0,0,0,0,0,0,0,0,0,0,1
213378710,972660,Spiritfarer®: Farewell Edition,life,1,0,0,0,0,0,0,0,0,0,0,0,1,0,0,0,0,0
213313943,972660,Spiritfarer®: Farewell Edition,life,2,0,0,0,0,0,0,0,0,0,0,1,1,0,0,0,0,0
213244532,972660,Spiritfarer®: Farewell Edition,life,1,0,0,0,0,0,0,0,0,0,0,1,0,0,0,0,0,0
212897644,972660,Spiritfarer®: Farewell Edition,life,1,1,0,0,0,0,0,0,0,0,0,0,0,0,0,0,0,0
212856993,972660,Spiritfarer®: Farewell Edition,life,2,0,0,0,0,0,0,0,0,0,0,1,1,0,0,0,0,0
212362055,972660,Spiritfarer®: Farewell Edition,life,1,0,0,0,0,0,0,0,0,0,0,0,0,0,0,0,0,1
212261496,972660,Spiritfarer®: Farewell Edition,life,2,0,0,0,0,0,0,0,0,0,1,0,1,0,0,0,0,0
212228871,972660,Spiritfarer®: Farewell Edition,life,3,0,0,0,0,1,0,0,0,0,1,0,1,0,0,0,0,0
211335540,972660,Spiritfarer®: Farewell Edition,life,2,0,0,0,0,0,0,0,0,0,1,0,1,0,0,0,0,0
209513839,972660,Spiritfarer®: Farewell Edition,life,2,0,1,0,0,1,0,0,0,0,0,0,0,0,0,0,0,0
209474342,972660,Spiritfarer®: Farewell Edition,life,1,0,0,0,0,0,1,0,0,0,0,0,0,0,0,0,0,0
